ssn,year,month
135.9,1749,7
137.9,1749,8
140.2,1749,9
143.8,1749,10
146.4,1749,11
147.9,1749,12
148.4,1750,1
150.3,1750,2
153.9,1750,3
154.3,1750,4
147.0,1750,5
139.7,1750,6
138.8,1750,7
136.3,1750,8
131.0,1750,9
125.7,1750,10
121.5,1750,11
116.0,1750,12
111.3,1751,1
106.9,1751,2
99.2,1751,3
91.6,1751,4
86.2,1751,5
81.6,1751,6
77.0,1751,7
75.0,1751,8
77.3,1751,9
79.2,1751,10
79.4,1751,11
78.5,1751,12
78.6,1752,1
77.3,1752,2
75.5,1752,3
77.3,1752,4
79.6,1752,5
79.9,1752,6
80.3,1752,7
79.7,1752,8
76.7,1752,9
73.4,1752,10
70.3,1752,11
68.1,1752,12
63.6,1753,1
60.4,1753,2
61.1,1753,3
59.7,1753,4
57.0,1753,5
53.4,1753,6
48.1,1753,7
43.0,1753,8
37.9,1753,9
33.2,1753,10
30.4,1753,11
29.0,1753,12
28.5,1754,1
26.4,1754,2
23.2,1754,3
21.7,1754,4
21.2,1754,5
20.5,1754,6
21.1,1754,7
22.3,1754,8
23.3,1754,9
23.1,1754,10
21.2,1754,11
17.9,1754,12
15.3,1755,1
14.0,1755,2
14.0,1755,3
14.7,1755,4
14.2,1755,5
14.8,1755,6
16.1,1755,7
16.0,1755,8
15.6,1755,9
15.7,1755,10
16.8,1755,11
18.5,1755,12
19.1,1756,1
19.0,1756,2
18.8,1756,3
17.7,1756,4
17.7,1756,5
17.7,1756,6
17.1,1756,7
18.2,1756,8
20.6,1756,9
23.5,1756,10
26.7,1756,11
28.5,1756,12
29.9,1757,1
34.6,1757,2
39.6,1757,3
42.8,1757,4
47.4,1757,5
52.4,1757,6
55.7,1757,7
59.5,1757,8
63.2,1757,9
67.7,1757,10
71.2,1757,11
74.0,1757,12
77.6,1758,1
78.0,1758,2
78.7,1758,3
80.7,1758,4
79.5,1758,5
78.7,1758,6
80.1,1758,7
80.3,1758,8
79.6,1758,9
77.6,1758,10
76.1,1758,11
76.6,1758,12
77.4,1759,1
80.2,1759,2
83.5,1759,3
86.0,1759,4
87.8,1759,5
89.0,1759,6
91.3,1759,7
93.7,1759,8
96.7,1759,9
99.4,1759,10
101.8,1759,11
103.3,1759,12
104.2,1760,1
105.5,1760,2
104.7,1760,3
103.0,1760,4
103.3,1760,5
104.5,1760,6
105.0,1760,7
107.3,1760,8
109.9,1760,9
111.3,1760,10
114.7,1760,11
120.7,1760,12
126.1,1761,1
129.2,1761,2
133.0,1761,3
138.4,1761,4
143.1,1761,5
144.1,1761,6
141.3,1761,7
138.2,1761,8
134.5,1761,9
131.3,1761,10
125.8,1761,11
119.6,1761,12
113.8,1762,1
108.0,1762,2
104.2,1762,3
100.6,1762,4
98.4,1762,5
99.7,1762,6
102.8,1762,7
100.8,1762,8
97.2,1762,9
94.5,1762,10
92.1,1762,11
88.8,1762,12
87.3,1763,1
85.9,1763,2
83.0,1763,3
81.3,1763,4
78.6,1763,5
76.3,1763,6
75.4,1763,7
77.6,1763,8
79.9,1763,9
80.4,1763,10
81.3,1763,11
81.7,1763,12
79.7,1764,1
78.2,1764,2
75.7,1764,3
71.7,1764,4
68.0,1764,5
63.1,1764,6
58.1,1764,7
53.3,1764,8
49.9,1764,9
48.0,1764,10
45.4,1764,11
43.1,1764,12
42.2,1765,1
41.9,1765,2
41.1,1765,3
39.2,1765,4
37.4,1765,5
35.7,1765,6
34.0,1765,7
32.1,1765,8
31.9,1765,9
31.6,1765,10
30.9,1765,11
30.2,1765,12
27.4,1766,1
24.0,1766,2
21.4,1766,3
19.9,1766,4
18.7,1766,5
18.6,1766,6
20.1,1766,7
22.5,1766,8
24.2,1766,9
26.6,1766,10
28.6,1766,11
30.9,1766,12
34.3,1767,1
38.2,1767,2
43.4,1767,3
48.8,1767,4
54.9,1767,5
60.7,1767,6
64.9,1767,7
69.2,1767,8
71.9,1767,9
72.8,1767,10
76.8,1767,11
83.2,1767,12
88.4,1768,1
92.4,1768,2
96.4,1768,3
101.0,1768,4
105.8,1768,5
112.4,1768,6
117.8,1768,7
119.1,1768,8
120.2,1768,9
125.2,1768,10
128.7,1768,11
129.6,1768,12
135.4,1769,1
143.7,1769,2
152.5,1769,3
163.2,1769,4
172.8,1769,5
176.8,1769,6
178.9,1769,7
186.4,1769,8
193.0,1769,9
190.9,1769,10
187.5,1769,11
186.5,1769,12
185.1,1770,1
184.9,1770,2
182.2,1770,3
175.3,1770,4
170.4,1770,5
168.7,1770,6
163.3,1770,7
151.9,1770,8
142.9,1770,9
141.5,1770,10
148.2,1770,11
156.5,1770,12
156.1,1771,1
148.4,1771,2
143.5,1771,3
142.3,1771,4
139.1,1771,5
136.4,1771,6
140.5,1771,7
148.1,1771,8
150.1,1771,9
150.9,1771,10
144.8,1771,11
132.5,1771,12
128.9,1772,1
129.4,1772,2
125.7,1772,3
121.4,1772,4
117.9,1772,5
113.0,1772,6
107.6,1772,7
100.1,1772,8
97.2,1772,9
94.5,1772,10
90.6,1772,11
88.8,1772,12
83.4,1773,1
76.9,1773,2
72.4,1773,3
67.3,1773,4
62.3,1773,5
59.4,1773,6
57.4,1773,7
59.4,1773,8
62.2,1773,9
63.3,1773,10
64.8,1773,11
65.5,1773,12
64.8,1774,1
63.7,1774,2
61.8,1774,3
59.4,1774,4
56.9,1774,5
53.2,1774,6
48.1,1774,7
40.6,1774,8
33.0,1774,9
27.7,1774,10
22.1,1774,11
17.7,1774,12
15.4,1775,1
14.4,1775,2
14.1,1775,3
13.2,1775,4
12.5,1775,5
12.0,1775,6
12.9,1775,7
14.9,1775,8
15.3,1775,9
15.7,1775,10
16.9,1775,11
17.9,1775,12
18.4,1776,1
19.5,1776,2
21.5,1776,3
24.1,1776,4
27.2,1776,5
30.8,1776,6
34.7,1776,7
38.0,1776,8
42.0,1776,9
49.4,1776,10
59.3,1776,11
68.4,1776,12
79.2,1777,1
91.8,1777,2
104.9,1777,3
117.1,1777,4
130.2,1777,5
146.0,1777,6
163.4,1777,7
177.6,1777,8
189.3,1777,9
199.3,1777,10
213.7,1777,11
231.1,1777,12
241.4,1778,1
247.4,1778,2
253.2,1778,3
260.5,1778,4
264.3,1778,5
260.9,1778,6
252.9,1778,7
252.5,1778,8
255.3,1778,9
254.2,1778,10
247.3,1778,11
236.4,1778,12
231.7,1779,1
229.1,1779,2
222.9,1779,3
216.5,1779,4
211.7,1779,5
209.5,1779,6
206.8,1779,7
199.0,1779,8
192.9,1779,9
188.0,1779,10
182.3,1779,11
178.2,1779,12
172.5,1780,1
166.7,1780,2
163.7,1780,3
159.2,1780,4
152.2,1780,5
144.9,1780,6
143.3,1780,7
143.7,1780,8
139.0,1780,9
134.0,1780,10
131.9,1780,11
132.4,1780,12
132.2,1781,1
130.0,1781,2
125.6,1781,3
119.2,1781,4
116.3,1781,5
115.1,1781,6
110.4,1781,7
104.7,1781,8
101.0,1781,9
98.0,1781,10
92.6,1781,11
85.0,1781,12
78.3,1782,1
74.2,1782,2
71.5,1782,3
70.0,1782,4
67.3,1782,5
64.5,1782,6
62.3,1782,7
60.6,1782,8
59.9,1782,9
58.3,1782,10
55.3,1782,11
52.2,1782,12
51.0,1783,1
49.0,1783,2
46.2,1783,3
44.1,1783,4
41.9,1783,5
39.4,1783,6
37.0,1783,7
33.8,1783,8
30.6,1783,9
28.2,1783,10
25.7,1783,11
23.4,1783,12
20.5,1784,1
18.0,1784,2
16.7,1784,3
16.2,1784,4
16.3,1784,5
16.7,1784,6
16.5,1784,7
16.0,1784,8
15.9,1784,9
16.2,1784,10
17.6,1784,11
19.8,1784,12
23.1,1785,1
25.9,1785,2
28.1,1785,3
32.4,1785,4
36.7,1785,5
39.2,1785,6
42.3,1785,7
47.2,1785,8
52.6,1785,9
60.1,1785,10
69.9,1785,11
77.2,1785,12
82.7,1786,1
90.8,1786,2
101.1,1786,3
111.2,1786,4
121.0,1786,5
132.2,1786,6
144.9,1786,7
155.7,1786,8
162.5,1786,9
168.2,1786,10
174.0,1786,11
179.8,1786,12
185.7,1787,1
192.1,1787,2
198.6,1787,3
204.9,1787,4
209.8,1787,5
215.8,1787,6
220.3,1787,7
222.1,1787,8
227.6,1787,9
230.2,1787,10
227.4,1787,11
229.7,1787,12
234.4,1788,1
235.3,1788,2
234.1,1788,3
231.9,1788,4
227.6,1788,5
221.3,1788,6
216.5,1788,7
214.6,1788,8
212.7,1788,9
212.1,1788,10
213.8,1788,11
212.2,1788,12
208.1,1789,1
204.1,1789,2
199.8,1789,3
194.2,1789,4
193.3,1789,5
196.4,1789,6
196.1,1789,7
195.5,1789,8
194.0,1789,9
190.3,1789,10
186.1,1789,11
182.0,1789,12
176.7,1790,1
172.3,1790,2
168.7,1790,3
166.0,1790,4
162.0,1790,5
154.1,1790,6
147.7,1790,7
141.1,1790,8
135.0,1790,9
132.2,1790,10
129.7,1790,11
126.5,1790,12
124.8,1791,1
121.9,1791,2
118.1,1791,3
115.7,1791,4
113.1,1791,5
111.5,1791,6
109.9,1791,7
109.1,1791,8
108.4,1791,9
107.6,1791,10
106.7,1791,11
105.6,1791,12
103.7,1792,1
103.1,1792,2
103.7,1792,3
103.0,1792,4
102.2,1792,5
100.8,1792,6
99.9,1792,7
99.2,1792,8
98.0,1792,9
95.9,1792,10
93.7,1792,11
92.3,1792,12
91.9,1793,1
90.1,1793,2
85.5,1793,3
82.2,1793,4
80.5,1793,5
78.9,1793,6
77.4,1793,7
75.9,1793,8
73.9,1793,9
71.0,1793,10
69.5,1793,11
69.1,1793,12
67.8,1794,1
67.9,1794,2
67.7,1794,3
65.6,1794,4
65.9,1794,5
67.9,1794,6
66.7,1794,7
64.8,1794,8
62.7,1794,9
60.3,1794,10
57.9,1794,11
54.5,1794,12
50.8,1795,1
47.9,1795,2
47.1,1795,3
46.6,1795,4
43.0,1795,5
37.8,1795,6
35.5,1795,7
34.4,1795,8
33.5,1795,9
34.6,1795,10
34.9,1795,11
33.4,1795,12
33.7,1796,1
33.0,1796,2
31.6,1796,3
31.4,1796,4
29.6,1796,5
27.6,1796,6
26.2,1796,7
24.3,1796,8
22.1,1796,9
19.4,1796,10
16.5,1796,11
15.9,1796,12
14.6,1797,1
13.3,1797,2
12.8,1797,3
11.6,1797,4
11.1,1797,5
10.8,1797,6
9.8,1797,7
8.9,1797,8
9.5,1797,9
9.9,1797,10
9.2,1797,11
7.9,1797,12
6.8,1798,1
6.3,1798,2
5.9,1798,3
5.3,1798,4
5.4,1798,5
6.3,1798,6
6.7,1798,7
7.3,1798,8
8.6,1798,9
9.7,1798,10
10.8,1798,11
12.1,1798,12
13.0,1799,1
12.9,1799,2
12.5,1799,3
12.6,1799,4
12.1,1799,5
11.4,1799,6
11.6,1799,7
11.8,1799,8
11.0,1799,9
9.9,1799,10
9.1,1799,11
9.8,1799,12
12.0,1800,1
14.6,1800,2
16.8,1800,3
18.1,1800,4
19.2,1800,5
21.9,1800,6
25.5,1800,7
28.3,1800,8
30.8,1800,9
34.0,1800,10
38.1,1800,11
40.5,1800,12
42.0,1801,1
44.3,1801,2
47.1,1801,3
50.1,1801,4
53.5,1801,5
56.1,1801,6
58.1,1801,7
60.8,1801,8
62.8,1801,9
64.3,1801,10
65.9,1801,11
67.8,1801,12
69.7,1802,1
71.4,1802,2
73.4,1802,3
75.1,1802,4
75.2,1802,5
74.9,1802,6
75.2,1802,7
75.6,1802,8
75.1,1802,9
73.1,1802,10
72.0,1802,11
71.3,1802,12
70.6,1803,1
69.5,1803,2
68.0,1803,3
68.6,1803,4
70.9,1803,5
71.9,1803,6
71.4,1803,7
70.9,1803,8
72.0,1803,9
75.1,1803,10
76.1,1803,11
75.3,1803,12
73.9,1804,1
73.3,1804,2
74.4,1804,3
75.5,1804,4
76.7,1804,5
78.3,1804,6
80.2,1804,7
81.0,1804,8
80.9,1804,9
80.3,1804,10
79.8,1804,11
80.5,1804,12
81.5,1805,1
82.0,1805,2
81.4,1805,3
78.5,1805,4
74.8,1805,5
71.9,1805,6
68.9,1805,7
66.3,1805,8
64.0,1805,9
62.1,1805,10
60.5,1805,11
58.6,1805,12
57.0,1806,1
55.4,1806,2
52.8,1806,3
51.2,1806,4
49.9,1806,5
47.8,1806,6
45.0,1806,7
41.9,1806,8
39.1,1806,9
37.2,1806,10
35.8,1806,11
33.7,1806,12
31.6,1807,1
29.4,1807,2
27.1,1807,3
24.5,1807,4
21.6,1807,5
18.4,1807,6
15.9,1807,7
14.6,1807,8
13.4,1807,9
11.9,1807,10
11.3,1807,11
11.7,1807,12
11.4,1808,1
10.7,1808,2
10.8,1808,3
11.0,1808,4
11.3,1808,5
12.7,1808,6
14.1,1808,7
14.9,1808,8
15.3,1808,9
14.7,1808,10
13.2,1808,11
12.0,1808,12
11.1,1809,1
10.1,1809,2
8.8,1809,3
7.7,1809,4
6.7,1809,5
5.1,1809,6
3.7,1809,7
2.6,1809,8
1.9,1809,9
1.6,1809,10
1.3,1809,11
0.7,1809,12
0.1,1810,1
0.1,1810,2
0.0,1810,3
0.0,1810,4
0.0,1810,5
0.0,1810,6
0.0,1810,7
0.0,1810,8
0.0,1810,9
0.0,1810,10
0.0,1810,11
0.0,1810,12
0.5,1811,1
0.9,1811,2
1.1,1811,3
1.7,1811,4
2.2,1811,5
2.3,1811,6
3.1,1811,7
4.1,1811,8
4.2,1811,9
4.3,1811,10
4.4,1811,11
4.5,1811,12
4.2,1812,1
4.9,1812,2
6.1,1812,3
6.2,1812,4
6.5,1812,5
7.6,1812,6
7.5,1812,7
7.3,1812,8
7.9,1812,9
9.2,1812,10
10.6,1812,11
11.6,1812,12
13.6,1813,1
14.3,1813,2
14.5,1813,3
16.9,1813,4
19.1,1813,5
20.0,1813,6
21.9,1813,7
23.5,1813,8
23.9,1813,9
24.7,1813,10
25.2,1813,11
25.5,1813,12
25.7,1814,1
25.3,1814,2
24.4,1814,3
23.3,1814,4
22.6,1814,5
22.8,1814,6
23.0,1814,7
24.2,1814,8
27.0,1814,9
29.0,1814,10
29.8,1814,11
33.0,1814,12
37.0,1815,1
41.3,1815,2
46.0,1815,3
48.6,1815,4
51.2,1815,5
55.9,1815,6
59.5,1815,7
62.5,1815,8
68.4,1815,9
73.6,1815,10
77.8,1815,11
79.4,1815,12
78.8,1816,1
77.3,1816,2
76.8,1816,3
79.5,1816,4
81.2,1816,5
78.8,1816,6
77.1,1816,7
77.0,1816,8
77.8,1816,9
77.1,1816,10
73.3,1816,11
71.4,1816,12
71.9,1817,1
74.2,1817,2
75.0,1817,3
72.1,1817,4
69.3,1817,5
68.5,1817,6
68.3,1817,7
65.8,1817,8
58.4,1817,9
54.0,1817,10
56.8,1817,11
58.8,1817,12
57.0,1818,1
54.6,1818,2
52.9,1818,3
52.6,1818,4
51.7,1818,5
50.3,1818,6
50.0,1818,7
49.7,1818,8
48.1,1818,9
45.6,1818,10
42.3,1818,11
39.9,1818,12
40.0,1819,1
39.9,1819,2
38.7,1819,3
37.6,1819,4
38.3,1819,5
39.6,1819,6
39.0,1819,7
38.5,1819,8
38.9,1819,9
38.9,1819,10
39.6,1819,11
38.6,1819,12
36.1,1820,1
35.3,1820,2
34.6,1820,3
32.7,1820,4
30.2,1820,5
27.5,1820,6
26.2,1820,7
24.8,1820,8
23.3,1820,9
22.7,1820,10
20.0,1820,11
17.5,1820,12
15.6,1821,1
12.9,1821,2
11.4,1821,3
12.0,1821,4
12.5,1821,5
11.6,1821,6
9.5,1821,7
7.8,1821,8
8.3,1821,9
9.3,1821,10
9.5,1821,11
9.8,1821,12
10.4,1822,1
10.6,1822,2
10.1,1822,3
8.5,1822,4
6.9,1822,5
6.6,1822,6
6.6,1822,7
6.5,1822,8
5.4,1822,9
3.4,1822,10
2.4,1822,11
1.9,1822,12
1.0,1823,1
0.3,1823,2
0.2,1823,3
0.2,1823,4
0.2,1823,5
1.6,1823,6
4.5,1823,7
6.7,1823,8
7.4,1823,9
8.7,1823,10
10.3,1823,11
10.5,1823,12
10.4,1824,1
10.5,1824,2
12.0,1824,3
15.2,1824,4
17.0,1824,5
15.6,1824,6
13.1,1824,7
12.3,1824,8
14.2,1824,9
14.6,1824,10
14.4,1824,11
16.4,1824,12
19.6,1825,1
23.4,1825,2
24.8,1825,3
23.8,1825,4
23.9,1825,5
26.2,1825,6
28.6,1825,7
29.6,1825,8
30.8,1825,9
33.2,1825,10
35.8,1825,11
38.4,1825,12
41.4,1826,1
43.9,1826,2
45.1,1826,3
47.8,1826,4
52.1,1826,5
57.2,1826,6
61.6,1826,7
64.8,1826,8
68.3,1826,9
71.3,1826,10
74.5,1826,11
77.5,1826,12
78.2,1827,1
78.5,1827,2
81.6,1827,3
84.1,1827,4
85.0,1827,5
84.1,1827,6
83.8,1827,7
86.3,1827,8
88.0,1827,9
89.5,1827,10
92.9,1827,11
98.0,1827,12
101.7,1828,1
104.1,1828,2
105.8,1828,3
105.7,1828,4
106.2,1828,5
106.9,1828,6
106.3,1828,7
104.6,1828,8
104.0,1828,9
106.9,1828,10
107.7,1828,11
104.5,1828,12
105.4,1829,1
108.0,1829,2
108.3,1829,3
108.6,1829,4
109.5,1829,5
110.9,1829,6
112.3,1829,7
114.5,1829,8
116.9,1829,9
118.5,1829,10
119.2,1829,11
118.6,1829,12
114.7,1830,1
109.5,1830,2
108.3,1830,3
110.9,1830,4
113.7,1830,5
116.4,1830,6
117.9,1830,7
116.0,1830,8
115.1,1830,9
112.1,1830,10
106.6,1830,11
102.4,1830,12
100.3,1831,1
100.7,1831,2
99.3,1831,3
95.0,1831,4
89.7,1831,5
83.4,1831,6
78.6,1831,7
77.8,1831,8
75.5,1831,9
70.9,1831,10
69.2,1831,11
69.0,1831,12
66.4,1832,1
61.0,1832,2
55.7,1832,3
51.9,1832,4
48.1,1832,5
46.0,1832,6
44.5,1832,7
40.3,1832,8
34.5,1832,9
29.8,1832,10
26.2,1832,11
22.4,1832,12
20.1,1833,1
19.4,1833,2
19.5,1833,3
18.7,1833,4
17.2,1833,5
15.4,1833,6
13.8,1833,7
13.5,1833,8
13.2,1833,9
12.6,1833,10
12.2,1833,11
12.4,1833,12
13.0,1834,1
13.0,1834,2
12.9,1834,3
14.1,1834,4
17.0,1834,5
20.4,1834,6
22.3,1834,7
22.9,1834,8
24.4,1834,9
29.7,1834,10
36.2,1834,11
40.4,1834,12
45.7,1835,1
53.1,1835,2
63.1,1835,3
74.2,1835,4
83.9,1835,5
91.7,1835,6
100.4,1835,7
111.8,1835,8
123.0,1835,9
134.1,1835,10
144.5,1835,11
155.6,1835,12
165.9,1836,1
173.2,1836,2
176.2,1836,3
178.7,1836,4
183.1,1836,5
193.5,1836,6
209.3,1836,7
221.0,1836,8
228.2,1836,9
230.4,1836,10
230.1,1836,11
232.4,1836,12
237.9,1837,1
243.0,1837,2
244.9,1837,3
244.0,1837,4
242.1,1837,5
235.8,1837,6
227.5,1837,7
218.2,1837,8
212.3,1837,9
211.9,1837,10
212.9,1837,11
210.3,1837,12
202.1,1838,1
194.5,1838,2
189.1,1838,3
185.3,1838,4
180.9,1838,5
175.4,1838,6
169.2,1838,7
167.7,1838,8
164.6,1838,9
155.7,1838,10
145.4,1838,11
136.8,1838,12
132.4,1839,1
134.4,1839,2
142.1,1839,3
146.2,1839,4
145.6,1839,5
143.9,1839,6
141.1,1839,7
138.4,1839,8
136.7,1839,9
136.3,1839,10
137.6,1839,11
138.3,1839,12
136.2,1840,1
129.4,1840,2
120.2,1840,3
113.6,1840,4
110.1,1840,5
108.4,1840,6
103.8,1840,7
95.8,1840,8
89.1,1840,9
84.7,1840,10
82.8,1840,11
83.2,1840,12
81.6,1841,1
78.2,1841,2
74.4,1841,3
69.9,1841,4
65.7,1841,5
62.2,1841,6
61.0,1841,7
60.2,1841,8
59.0,1841,9
57.6,1841,10
53.7,1841,11
48.3,1841,12
44.6,1842,1
42.4,1842,2
40.3,1842,3
39.7,1842,4
41.8,1842,5
41.8,1842,6
39.8,1842,7
38.0,1842,8
35.8,1842,9
33.7,1842,10
32.2,1842,11
31.3,1842,12
30.4,1843,1
29.1,1843,2
27.1,1843,3
23.8,1843,4
20.1,1843,5
18.2,1843,6
17.6,1843,7
18.1,1843,8
19.3,1843,9
20.4,1843,10
20.5,1843,11
19.4,1843,12
19.7,1844,1
21.4,1844,2
22.4,1844,3
23.7,1844,4
24.3,1844,5
24.3,1844,6
26.0,1844,7
29.2,1844,8
33.3,1844,9
37.9,1844,10
42.9,1844,11
47.3,1844,12
49.9,1845,1
51.1,1845,2
53.3,1845,3
56.2,1845,4
59.5,1845,5
64.1,1845,6
67.7,1845,7
69.1,1845,8
71.0,1845,9
73.3,1845,10
75.0,1845,11
78.2,1845,12
81.7,1846,1
84.4,1846,2
91.3,1846,3
97.8,1846,4
100.3,1846,5
102.1,1846,6
104.2,1846,7
105.4,1846,8
106.5,1846,9
106.3,1846,10
105.7,1846,11
108.2,1846,12
110.0,1847,1
116.4,1847,2
126.1,1847,3
138.4,1847,4
152.5,1847,5
161.0,1847,6
170.8,1847,7
182.1,1847,8
188.4,1847,9
194.3,1847,10
200.5,1847,11
205.4,1847,12
214.5,1848,1
219.9,1848,2
215.2,1848,3
207.6,1848,4
202.6,1848,5
204.4,1848,6
209.2,1848,7
213.3,1848,8
216.0,1848,9
216.7,1848,10
216.7,1848,11
213.4,1848,12
207.4,1849,1
200.1,1849,2
196.7,1849,3
193.6,1849,4
189.9,1849,5
186.4,1849,6
176.8,1849,7
167.2,1849,8
162.7,1849,9
157.0,1849,10
150.9,1849,11
148.5,1849,12
144.6,1850,1
141.0,1850,2
139.9,1850,3
139.3,1850,4
135.7,1850,5
129.4,1850,6
126.3,1850,7
127.4,1850,8
127.3,1850,9
126.8,1850,10
127.9,1850,11
127.4,1850,12
126.6,1851,1
126.1,1851,2
124.3,1851,3
122.2,1851,4
121.2,1851,5
121.7,1851,6
121.9,1851,7
118.3,1851,8
114.9,1851,9
115.4,1851,10
115.5,1851,11
113.6,1851,12
112.8,1852,1
111.8,1852,2
108.0,1852,3
106.0,1852,4
106.6,1852,5
104.8,1852,6
100.6,1852,7
96.6,1852,8
92.9,1852,9
89.6,1852,10
86.6,1852,11
84.5,1852,12
84.2,1853,1
85.4,1853,2
85.9,1853,3
83.6,1853,4
79.6,1853,5
75.9,1853,6
72.1,1853,7
68.3,1853,8
65.1,1853,9
62.1,1853,10
59.6,1853,11
57.3,1853,12
53.6,1854,1
48.7,1854,2
45.1,1854,3
41.9,1854,4
39.5,1854,5
39.3,1854,6
38.9,1854,7
38.0,1854,8
37.0,1854,9
35.0,1854,10
32.1,1854,11
29.6,1854,12
26.9,1855,1
24.5,1855,2
21.7,1855,3
19.7,1855,4
17.5,1855,5
14.2,1855,6
11.8,1855,7
10.3,1855,8
8.5,1855,9
7.3,1855,10
6.7,1855,11
6.0,1855,12
6.3,1856,1
6.9,1856,2
7.5,1856,3
7.4,1856,4
7.3,1856,5
7.9,1856,6
9.3,1856,7
10.5,1856,8
11.1,1856,9
11.8,1856,10
14.5,1856,11
17.6,1856,12
19.8,1857,1
22.1,1857,2
26.0,1857,3
31.8,1857,4
36.6,1857,5
40.8,1857,6
45.2,1857,7
49.4,1857,8
55.7,1857,9
62.0,1857,10
65.1,1857,11
68.4,1857,12
73.4,1858,1
79.1,1858,2
85.2,1858,3
92.2,1858,4
97.8,1858,5
101.8,1858,6
107.6,1858,7
115.3,1858,8
122.1,1858,9
128.5,1858,10
136.1,1858,11
143.4,1858,12
149.8,1859,1
157.0,1859,2
163.1,1859,3
167.0,1859,4
172.4,1859,5
177.1,1859,6
178.1,1859,7
178.1,1859,8
178.8,1859,9
178.4,1859,10
178.5,1859,11
181.5,1859,12
185.0,1860,1
186.2,1860,2
184.6,1860,3
181.5,1860,4
179.7,1860,5
180.9,1860,6
180.4,1860,7
178.0,1860,8
177.3,1860,9
179.6,1860,10
177.8,1860,11
172.2,1860,12
167.5,1861,1
163.0,1861,2
160.6,1861,3
157.9,1861,4
152.6,1861,5
147.8,1861,6
146.7,1861,7
145.7,1861,8
140.1,1861,9
132.0,1861,10
129.1,1861,11
129.4,1861,12
128.7,1862,1
126.7,1862,2
124.1,1862,3
121.0,1862,4
118.8,1862,5
115.4,1862,6
111.1,1862,7
109.3,1862,8
110.5,1862,9
111.3,1862,10
109.4,1862,11
105.1,1862,12
98.5,1863,1
94.1,1863,2
89.4,1863,3
85.7,1863,4
84.5,1863,5
83.5,1863,6
84.3,1863,7
84.3,1863,8
83.5,1863,9
83.1,1863,10
81.7,1863,11
82.0,1863,12
85.1,1864,1
87.4,1864,2
88.5,1864,3
88.5,1864,4
89.6,1864,5
90.2,1864,6
88.5,1864,7
87.1,1864,8
84.4,1864,9
81.8,1864,10
80.8,1864,11
78.4,1864,12
74.3,1865,1
70.7,1865,2
68.8,1865,3
66.9,1865,4
63.0,1865,5
59.1,1865,6
56.5,1865,7
55.1,1865,8
53.8,1865,9
51.7,1865,10
49.1,1865,11
46.0,1865,12
43.3,1866,1
39.9,1866,2
36.8,1866,3
35.4,1866,4
34.0,1866,5
31.9,1866,6
28.5,1866,7
23.0,1866,8
18.8,1866,9
16.6,1866,10
14.8,1866,11
12.8,1866,12
11.3,1867,1
10.3,1867,2
9.9,1867,3
10.0,1867,4
10.0,1867,5
11.9,1867,6
14.9,1867,7
17.0,1867,8
19.1,1867,9
22.4,1867,10
26.2,1867,11
29.8,1867,12
33.5,1868,1
37.1,1868,2
41.6,1868,3
47.3,1868,4
53.9,1868,5
60.0,1868,6
65.8,1868,7
72.1,1868,8
77.0,1868,9
79.1,1868,10
84.8,1868,11
95.5,1868,12
103.0,1869,1
108.2,1869,2
113.7,1869,3
115.9,1869,4
117.0,1869,5
120.9,1869,6
124.6,1869,7
129.5,1869,8
140.7,1869,9
156.2,1869,10
169.5,1869,11
176.4,1869,12
183.4,1870,1
193.6,1870,2
202.6,1870,3
212.5,1870,4
223.4,1870,5
230.0,1870,6
232.5,1870,7
234.0,1870,8
233.7,1870,9
232.9,1870,10
231.0,1870,11
225.8,1870,12
220.7,1871,1
215.6,1871,2
208.7,1871,3
200.8,1871,4
193.9,1871,5
188.2,1871,6
184.9,1871,7
183.9,1871,8
179.7,1871,9
171.8,1871,10
164.9,1871,11
163.6,1871,12
165.0,1872,1
164.0,1872,2
165.2,1872,3
168.5,1872,4
169.9,1872,5
169.9,1872,6
170.0,1872,7
169.6,1872,8
169.3,1872,9
168.2,1872,10
162.3,1872,11
153.6,1872,12
146.4,1873,1
142.0,1873,2
135.6,1873,3
127.1,1873,4
119.3,1873,5
112.9,1873,6
108.7,1873,7
103.9,1873,8
97.4,1873,9
90.7,1873,10
87.4,1873,11
86.7,1873,12
86.3,1874,1
85.9,1874,2
84.1,1874,3
81.9,1874,4
79.2,1874,5
75.9,1874,6
71.3,1874,7
65.2,1874,8
61.3,1874,9
60.2,1874,10
57.7,1874,11
54.4,1874,12
49.6,1875,1
42.5,1875,2
37.5,1875,3
34.2,1875,4
31.9,1875,5
29.8,1875,6
28.4,1875,7
27.9,1875,8
27.3,1875,9
25.2,1875,10
22.9,1875,11
20.9,1875,12
19.5,1876,1
19.3,1876,2
19.4,1876,3
20.1,1876,4
19.6,1876,5
19.0,1876,6
19.5,1876,7
19.8,1876,8
18.1,1876,9
17.7,1876,10
19.8,1876,11
21.8,1876,12
22.0,1877,1
21.2,1877,2
21.5,1877,3
21.4,1877,4
21.2,1877,5
21.1,1877,6
19.2,1877,7
17.6,1877,8
17.2,1877,9
15.8,1877,10
13.6,1877,11
12.0,1877,12
11.0,1878,1
10.2,1878,2
8.9,1878,3
7.8,1878,4
6.7,1878,5
5.9,1878,6
5.6,1878,7
5.0,1878,8
4.0,1878,9
3.9,1878,10
4.1,1878,11
3.7,1878,12
4.1,1879,1
5.4,1879,2
6.2,1879,3
7.0,1879,4
8.4,1879,5
9.5,1879,6
11.6,1879,7
15.1,1879,8
18.3,1879,9
20.5,1879,10
22.9,1879,11
26.4,1879,12
29.4,1880,1
33.0,1880,2
39.8,1880,3
46.1,1880,4
49.4,1880,5
52.2,1880,6
54.6,1880,7
57.3,1880,8
61.3,1880,9
65.8,1880,10
69.4,1880,11
72.6,1880,12
78.3,1881,1
82.8,1881,2
82.6,1881,3
83.2,1881,4
86.4,1881,5
89.3,1881,6
91.1,1881,7
92.8,1881,8
95.1,1881,9
99.2,1881,10
103.7,1881,11
104.1,1881,12
100.8,1882,1
97.4,1882,2
96.5,1882,3
96.4,1882,4
98.1,1882,5
99.8,1882,6
100.5,1882,7
100.0,1882,8
96.7,1882,9
94.1,1882,10
90.9,1882,11
90.8,1882,12
95.4,1883,1
98.2,1883,2
98.2,1883,3
99.6,1883,4
101.3,1883,5
103.7,1883,6
108.2,1883,7
113.1,1883,8
119.0,1883,9
121.7,1883,10
123.7,1883,11
124.4,1883,12
120.8,1884,1
119.5,1884,2
120.9,1884,3
119.0,1884,4
113.2,1884,5
107.8,1884,6
102.5,1884,7
98.0,1884,8
94.4,1884,9
90.3,1884,10
89.3,1884,11
92.0,1884,12
95.1,1885,1
95.7,1885,2
93.7,1885,3
91.6,1885,4
90.5,1885,5
88.4,1885,6
85.7,1885,7
81.6,1885,8
79.0,1885,9
78.7,1885,10
75.0,1885,11
68.2,1885,12
61.7,1886,1
56.9,1886,2
53.3,1886,3
50.0,1886,4
45.7,1886,5
43.0,1886,6
41.0,1886,7
38.8,1886,8
34.2,1886,9
28.0,1886,10
24.7,1886,11
23.1,1886,12
21.9,1887,1
21.7,1887,2
21.0,1887,3
19.9,1887,4
20.2,1887,5
21.2,1887,6
21.9,1887,7
21.7,1887,8
21.5,1887,9
21.6,1887,10
20.6,1887,11
19.1,1887,12
17.1,1888,1
14.4,1888,2
13.2,1888,3
13.0,1888,4
12.9,1888,5
12.2,1888,6
10.4,1888,7
9.7,1888,8
9.7,1888,9
9.5,1888,10
9.2,1888,11
8.8,1888,12
9.2,1889,1
10.9,1889,2
12.0,1889,3
11.8,1889,4
11.1,1889,5
10.4,1889,6
10.7,1889,7
10.5,1889,8
9.8,1889,9
9.5,1889,10
9.5,1889,11
9.3,1889,12
9.1,1890,1
8.4,1890,2
8.3,1890,3
9.7,1890,4
10.9,1890,5
11.7,1890,6
12.3,1890,7
14.4,1890,8
16.2,1890,9
17.9,1890,10
21.7,1890,11
27.5,1890,12
34.1,1891,1
39.0,1891,2
43.3,1891,3
48.7,1891,4
53.7,1891,5
57.7,1891,6
63.2,1891,7
70.8,1891,8
77.3,1891,9
83.5,1891,10
89.5,1891,11
94.2,1891,12
97.4,1892,1
103.3,1892,2
108.7,1892,3
110.6,1892,4
113.6,1892,5
118.4,1892,6
122.0,1892,7
122.2,1892,8
123.1,1892,9
125.5,1892,10
127.2,1892,11
128.5,1892,12
130.2,1893,1
133.0,1893,2
136.0,1893,3
137.7,1893,4
139.0,1893,5
140.8,1893,6
142.4,1893,7
143.8,1893,8
143.6,1893,9
142.3,1893,10
142.9,1893,11
144.7,1893,12
146.5,1894,1
143.7,1894,2
138.7,1894,3
137.6,1894,4
136.0,1894,5
132.4,1894,6
128.6,1894,7
126.0,1894,8
125.4,1894,9
125.7,1894,10
123.0,1894,11
118.8,1894,12
112.8,1895,1
108.7,1895,2
108.0,1895,3
106.9,1895,4
105.8,1895,5
105.9,1895,6
104.2,1895,7
101.2,1895,8
99.9,1895,9
96.9,1895,10
91.9,1895,11
87.5,1895,12
85.8,1896,1
82.7,1896,2
80.1,1896,3
77.6,1896,4
74.2,1896,5
71.7,1896,6
70.5,1896,7
69.4,1896,8
65.8,1896,9
63.4,1896,10
62.0,1896,11
58.8,1896,12
55.0,1897,1
53.4,1897,2
52.1,1897,3
50.2,1897,4
47.1,1897,5
44.4,1897,6
43.1,1897,7
42.8,1897,8
44.0,1897,9
43.5,1897,10
42.7,1897,11
43.9,1897,12
43.3,1898,1
42.7,1898,2
42.4,1898,3
42.9,1898,4
45.8,1898,5
46.0,1898,6
43.8,1898,7
41.2,1898,8
37.9,1898,9
36.4,1898,10
35.2,1898,11
33.8,1898,12
34.0,1899,1
32.3,1899,2
28.5,1899,3
25.2,1899,4
22.1,1899,5
20.3,1899,6
19.5,1899,7
19.1,1899,8
18.8,1899,9
18.2,1899,10
18.9,1899,11
18.8,1899,12
17.9,1900,1
17.6,1900,2
17.7,1900,3
17.7,1900,4
17.5,1900,5
16.5,1900,6
15.2,1900,7
13.7,1900,8
12.7,1900,9
11.3,1900,10
9.8,1900,11
9.0,1900,12
8.1,1901,1
7.3,1901,2
6.5,1901,3
5.4,1901,4
4.7,1901,5
4.6,1901,6
5.0,1901,7
5.2,1901,8
5.5,1901,9
6.1,1901,10
5.6,1901,11
4.8,1901,12
4.5,1902,1
4.6,1902,2
5.2,1902,3
6.5,1902,4
7.8,1902,5
8.4,1902,6
8.6,1902,7
10.0,1902,8
11.3,1902,9
13.1,1902,10
15.8,1902,11
17.6,1902,12
20.5,1903,1
24.2,1903,2
26.3,1903,3
28.1,1903,4
32.1,1903,5
37.6,1903,6
42.3,1903,7
44.4,1903,8
46.6,1903,9
49.4,1903,10
52.3,1903,11
55.8,1903,12
59.1,1904,1
62.7,1904,2
66.1,1904,3
68.5,1904,4
69.1,1904,5
69.3,1904,6
71.5,1904,7
77.4,1904,8
83.0,1904,9
84.1,1904,10
84.4,1904,11
85.5,1904,12
87.6,1905,1
89.1,1905,2
90.9,1905,3
94.4,1905,4
100.9,1905,5
105.7,1905,6
105.1,1905,7
100.7,1905,8
97.5,1905,9
99.1,1905,10
100.9,1905,11
102.6,1905,12
105.7,1906,1
107.1,1906,2
106.4,1906,3
102.2,1906,4
93.2,1906,5
89.1,1906,6
91.9,1906,7
99.4,1906,8
104.5,1906,9
104.0,1906,10
102.8,1906,11
100.2,1906,12
94.9,1907,1
91.6,1907,2
94.0,1907,3
99.4,1907,4
104.2,1907,5
104.6,1907,6
100.8,1907,7
93.1,1907,8
85.7,1907,9
83.8,1907,10
84.0,1907,11
84.4,1907,12
84.3,1908,1
86.1,1908,2
88.7,1908,3
86.6,1908,4
83.1,1908,5
81.5,1908,6
82.2,1908,7
84.3,1908,8
87.8,1908,9
88.6,1908,10
86.5,1908,11
84.4,1908,12
82.4,1909,1
77.4,1909,2
69.4,1909,3
67.9,1909,4
70.4,1909,5
72.1,1909,6
71.0,1909,7
67.9,1909,8
63.7,1909,9
58.9,1909,10
56.3,1909,11
54.6,1909,12
52.4,1910,1
50.1,1910,2
48.4,1910,3
46.2,1910,4
41.2,1910,5
34.4,1910,6
29.4,1910,7
26.2,1910,8
23.7,1910,9
23.3,1910,10
23.0,1910,11
21.4,1910,12
20.0,1911,1
18.7,1911,2
16.6,1911,3
12.6,1911,4
10.1,1911,5
9.8,1911,6
9.3,1911,7
8.5,1911,8
7.7,1911,9
6.6,1911,10
5.5,1911,11
5.3,1911,12
5.4,1912,1
5.1,1912,2
5.2,1912,3
5.7,1912,4
5.6,1912,5
5.7,1912,6
6.1,1912,7
6.5,1912,8
6.4,1912,9
5.8,1912,10
5.2,1912,11
4.7,1912,12
4.3,1913,1
4.2,1913,2
3.6,1913,3
2.9,1913,4
2.8,1913,5
2.6,1913,6
2.5,1913,7
2.5,1913,8
2.6,1913,9
4.0,1913,10
5.5,1913,11
6.6,1913,12
7.7,1914,1
8.5,1914,2
9.8,1914,3
10.9,1914,4
12.4,1914,5
14.8,1914,6
17.5,1914,7
21.6,1914,8
26.8,1914,9
31.0,1914,10
34.6,1914,11
40.5,1914,12
49.1,1915,1
58.0,1915,2
64.8,1915,3
70.5,1915,4
75.5,1915,5
78.1,1915,6
80.5,1915,7
83.0,1915,8
85.8,1915,9
89.9,1915,10
94.9,1915,11
97.7,1915,12
96.4,1916,1
92.7,1916,2
90.0,1916,3
89.5,1916,4
91.0,1916,5
93.9,1916,6
97.2,1916,7
100.4,1916,8
103.4,1916,9
105.6,1916,10
108.5,1916,11
114.6,1916,12
122.4,1917,1
135.3,1917,2
149.5,1917,3
156.8,1917,4
160.4,1917,5
167.9,1917,6
174.7,1917,7
175.7,1917,8
173.6,1917,9
172.5,1917,10
170.3,1917,11
163.8,1917,12
159.1,1918,1
154.6,1918,2
147.5,1918,3
145.0,1918,4
145.0,1918,5
139.2,1918,6
131.0,1918,7
128.6,1918,8
129.2,1918,9
126.9,1918,10
125.7,1918,11
130.0,1918,12
130.6,1919,1
125.4,1919,2
121.4,1919,3
117.4,1919,4
112.3,1919,5
107.7,1919,6
106.2,1919,7
104.6,1919,8
103.1,1919,9
100.8,1919,10
94.4,1919,11
85.6,1919,12
78.0,1920,1
71.9,1920,2
67.2,1920,3
65.7,1920,4
64.4,1920,5
63.1,1920,6
61.3,1920,7
58.2,1920,8
53.4,1920,9
51.6,1920,10
52.1,1920,11
51.0,1920,12
51.6,1921,1
52.9,1921,2
51.8,1921,3
48.3,1921,4
45.5,1921,5
44.2,1921,6
42.2,1921,7
40.7,1921,8
42.5,1921,9
42.9,1921,10
40.5,1921,11
37.6,1921,12
33.5,1922,1
30.2,1922,2
28.2,1922,3
26.4,1922,4
24.9,1922,5
24.0,1922,6
23.2,1922,7
21.0,1922,8
15.7,1922,9
11.8,1922,10
11.1,1922,11
11.0,1922,12
10.7,1923,1
9.8,1923,2
10.0,1923,3
10.9,1923,4
11.5,1923,5
10.7,1923,6
9.4,1923,7
9.4,1923,8
9.5,1923,9
9.8,1923,10
11.3,1923,11
13.6,1923,12
16.3,1924,1
19.3,1924,2
21.5,1924,3
23.3,1924,4
25.1,1924,5
26.9,1924,6
28.2,1924,7
29.8,1924,8
32.2,1924,9
34.7,1924,10
37.7,1924,11
40.8,1924,12
43.2,1925,1
45.2,1925,2
48.9,1925,3
54.4,1925,4
59.9,1925,5
68.2,1925,6
78.5,1925,7
86.3,1925,8
92.6,1925,9
96.2,1925,10
98.2,1925,11
101.4,1925,12
104.2,1926,1
106.8,1926,2
108.5,1926,3
108.7,1926,4
109.0,1926,5
107.8,1926,6
107.2,1926,7
109.4,1926,8
111.6,1926,9
115.9,1926,10
120.7,1926,11
120.8,1926,12
120.0,1927,1
119.6,1927,2
119.6,1927,3
119.5,1927,4
119.4,1927,5
117.5,1927,6
115.2,1927,7
114.0,1927,8
113.7,1927,9
113.9,1927,10
112.9,1927,11
115.0,1927,12
120.2,1928,1
125.3,1928,2
128.9,1928,3
130.2,1928,4
128.9,1928,5
128.7,1928,6
128.7,1928,7
126.9,1928,8
123.7,1928,9
119.4,1928,10
116.1,1928,11
113.5,1928,12
110.2,1929,1
107.0,1929,2
101.9,1929,3
97.5,1929,4
99.2,1929,5
104.7,1929,6
107.9,1929,7
106.7,1929,8
104.7,1929,9
102.7,1929,10
100.2,1929,11
95.7,1929,12
89.3,1930,1
83.2,1930,2
80.2,1930,3
78.6,1930,4
74.1,1930,5
65.2,1930,6
56.0,1930,7
52.0,1930,8
51.2,1930,9
50.4,1930,10
49.0,1930,11
47.2,1930,12
46.0,1931,1
44.9,1931,2
43.1,1931,3
40.5,1931,4
37.7,1931,5
35.9,1931,6
35.2,1931,7
32.8,1931,8
29.2,1931,9
26.5,1931,10
24.6,1931,11
24.7,1931,12
24.6,1932,1
23.6,1932,2
22.1,1932,3
21.0,1932,4
20.2,1932,5
19.0,1932,6
18.6,1932,7
19.4,1932,8
20.1,1932,9
19.5,1932,10
17.9,1932,11
15.7,1932,12
14.0,1933,1
13.1,1933,2
12.7,1933,3
12.4,1933,4
11.5,1933,5
10.2,1933,6
8.8,1933,7
7.2,1933,8
5.8,1933,9
6.0,1933,10
7.7,1933,11
9.0,1933,12
9.5,1934,1
10.5,1934,2
11.0,1934,3
11.1,1934,4
11.9,1934,5
13.5,1934,6
15.6,1934,7
17.5,1934,8
19.7,1934,9
21.1,1934,10
21.7,1934,11
24.9,1934,12
29.3,1935,1
32.6,1935,2
36.7,1935,3
42.7,1935,4
49.8,1935,5
56.9,1935,6
63.1,1935,7
69.9,1935,8
77.4,1935,9
85.5,1935,10
91.8,1935,11
95.3,1935,12
98.3,1936,1
103.5,1936,2
109.8,1936,3
114.7,1936,4
120.7,1936,5
128.6,1936,6
137.7,1936,7
146.3,1936,8
150.5,1936,9
153.4,1936,10
160.1,1936,11
168.6,1936,12
179.2,1937,1
189.2,1937,2
194.4,1937,3
198.6,1937,4
198.3,1937,5
193.0,1937,6
188.3,1937,7
185.2,1937,8
184.8,1937,9
184.4,1937,10
184.6,1937,11
183.0,1937,12
182.2,1938,1
182.1,1938,2
179.8,1938,3
177.2,1938,4
178.7,1938,5
182.3,1938,6
181.4,1938,7
177.2,1938,8
172.8,1938,9
171.8,1938,10
171.8,1938,11
171.4,1938,12
166.9,1939,1
161.5,1939,2
162.4,1939,3
163.3,1939,4
158.8,1939,5
151.5,1939,6
145.9,1939,7
142.6,1939,8
142.6,1939,9
140.6,1939,10
132.7,1939,11
127.1,1939,12
123.8,1940,1
121.7,1940,2
118.5,1940,3
113.0,1940,4
110.0,1940,5
111.1,1940,6
112.6,1940,7
111.3,1940,8
107.7,1940,9
103.2,1940,10
99.5,1940,11
96.1,1940,12
94.4,1941,1
91.2,1941,2
88.0,1941,3
87.3,1941,4
85.3,1941,5
81.6,1941,6
78.5,1941,7
78.3,1941,8
79.4,1941,9
81.9,1941,10
83.6,1941,11
79.9,1941,12
73.1,1942,1
67.0,1942,2
60.8,1942,3
55.5,1942,4
53.1,1942,5
51.8,1942,6
49.4,1942,7
46.2,1942,8
42.6,1942,9
38.4,1942,10
35.2,1942,11
34.2,1942,12
33.6,1943,1
33.2,1943,2
32.7,1943,3
31.4,1943,4
29.2,1943,5
27.5,1943,6
26.6,1943,7
24.0,1943,8
20.9,1943,9
18.0,1943,10
15.4,1943,11
14.4,1943,12
13.6,1944,1
12.9,1944,2
13.0,1944,3
13.9,1944,4
14.6,1944,5
15.3,1944,6
17.0,1944,7
18.9,1944,8
20.4,1944,9
23.4,1944,10
27.5,1944,11
31.7,1944,12
36.4,1945,1
39.7,1945,2
41.7,1945,3
46.8,1945,4
52.8,1945,5
55.2,1945,6
57.1,1945,7
64.3,1945,8
73.2,1945,9
80.1,1945,10
86.9,1945,11
93.2,1945,12
101.0,1946,1
111.7,1946,2
121.5,1946,3
128.0,1946,4
135.7,1946,5
147.7,1946,6
157.7,1946,7
163.1,1946,8
167.3,1946,9
173.3,1946,10
182.8,1946,11
193.4,1946,12
199.2,1947,1
204.1,1947,2
211.2,1947,3
217.2,1947,4
218.7,1947,5
216.1,1947,6
214.1,1947,7
210.9,1947,8
206.0,1947,9
206.3,1947,10
207.1,1947,11
205.7,1947,12
205.0,1948,1
202.3,1948,2
198.9,1948,3
195.7,1948,4
192.2,1948,5
191.6,1948,6
193.5,1948,7
199.8,1948,8
209.1,1948,9
210.3,1948,10
203.8,1948,11
197.1,1948,12
193.4,1949,1
190.4,1949,2
188.5,1949,3
188.4,1949,4
190.9,1949,5
192.5,1949,6
190.3,1949,7
184.1,1949,8
176.1,1949,9
171.4,1949,10
169.4,1949,11
167.1,1949,12
162.8,1950,1
158.5,1950,2
150.7,1950,3
141.0,1950,4
131.6,1950,5
122.6,1950,6
116.4,1950,7
111.9,1950,8
106.7,1950,9
102.3,1950,10
101.2,1950,11
102.4,1950,12
101.6,1951,1
98.5,1951,2
98.9,1951,3
100.2,1951,4
99.5,1951,5
98.9,1951,6
97.3,1951,7
94.0,1951,8
89.8,1951,9
84.0,1951,10
75.3,1951,11
66.5,1951,12
61.5,1952,1
59.8,1952,2
56.2,1952,3
51.4,1952,4
48.0,1952,5
45.5,1952,6
44.0,1952,7
42.1,1952,8
40.3,1952,9
39.5,1952,10
38.8,1952,11
37.3,1952,12
34.6,1953,1
31.0,1953,2
28.6,1953,3
27.2,1953,4
25.0,1953,5
22.0,1953,6
18.5,1953,7
16.7,1953,8
16.6,1953,9
15.1,1953,10
12.8,1953,11
10.8,1953,12
9.3,1954,1
8.2,1954,2
6.3,1954,3
5.1,1954,4
5.5,1954,5
6.3,1954,6
7.9,1954,7
10.5,1954,8
11.4,1954,9
11.6,1954,10
13.8,1954,11
17.4,1954,12
20.5,1955,1
23.7,1955,2
28.0,1955,3
33.5,1955,4
41.2,1955,5
50.0,1955,6
57.0,1955,7
66.0,1955,8
78.8,1955,9
91.3,1955,10
103.5,1955,11
114.8,1955,12
125.8,1956,1
139.4,1956,2
154.7,1956,3
168.1,1956,4
180.4,1956,5
193.9,1956,6
206.1,1956,7
211.8,1956,8
214.5,1956,9
220.6,1956,10
226.0,1956,11
232.7,1956,12
241.1,1957,1
243.8,1957,2
246.8,1957,3
256.3,1957,4
262.7,1957,5
266.1,1957,6
271.1,1957,7
275.3,1957,8
279.3,1957,9
282.5,1957,10
284.4,1957,11
283.3,1957,12
281.8,1958,1
284.5,1958,2
285.0,1958,3
278.7,1958,4
271.0,1958,5
264.5,1958,6
262.3,1958,7
261.9,1958,8
260.3,1958,9
258.1,1958,10
255.9,1958,11
255.6,1958,12
252.9,1959,1
250.4,1959,2
247.1,1959,3
239.7,1959,4
233.9,1959,5
228.5,1959,6
220.6,1959,7
214.2,1959,8
207.1,1959,9
199.7,1959,10
194.2,1959,11
187.6,1959,12
182.5,1960,1
177.0,1960,2
172.1,1960,3
169.4,1960,4
165.7,1960,5
161.3,1960,6
153.8,1960,7
145.0,1960,8
138.6,1960,9
132.1,1960,10
124.5,1960,11
118.5,1960,12
113.6,1961,1
105.9,1961,2
97.5,1961,3
91.1,1961,4
85.1,1961,5
79.1,1961,6
75.3,1961,7
74.4,1961,8
74.3,1961,9
73.0,1961,10
71.7,1961,11
69.1,1961,12
64.2,1962,1
59.4,1962,2
56.7,1962,3
56.1,1962,4
55.9,1962,5
54.6,1962,6
52.5,1962,7
49.8,1962,8
46.7,1962,9
44.0,1962,10
42.9,1962,11
42.6,1962,12
42.1,1963,1
42.6,1963,2
42.6,1963,3
41.6,1963,4
41.1,1963,5
40.4,1963,6
39.7,1963,7
39.0,1963,8
38.6,1963,9
37.4,1963,10
34.2,1963,11
30.7,1963,12
28.1,1964,1
25.7,1964,2
22.3,1964,3
18.6,1964,4
16.0,1964,5
15.0,1964,6
15.2,1964,7
15.1,1964,8
14.6,1964,9
14.3,1964,10
15.0,1964,11
16.2,1964,12
17.2,1965,1
17.7,1965,2
18.4,1965,3
19.9,1965,4
21.2,1965,5
21.8,1965,6
22.6,1965,7
23.8,1965,8
25.2,1965,9
28.4,1965,10
32.1,1965,11
35.2,1965,12
39.7,1966,1
44.8,1966,2
49.2,1966,3
53.3,1966,4
57.9,1966,5
63.4,1966,6
71.4,1966,7
80.3,1966,8
89.5,1966,9
95.8,1966,10
99.4,1966,11
103.0,1966,12
106.2,1967,1
111.6,1967,2
116.5,1967,3
119.8,1967,4
123.9,1967,5
129.4,1967,6
133.3,1967,7
135.0,1967,8
134.9,1967,9
134.5,1967,10
137.6,1967,11
142.5,1967,12
145.3,1968,1
145.7,1968,2
148.2,1968,3
151.8,1968,4
152.4,1968,5
150.9,1968,6
148.9,1968,7
148.4,1968,8
151.5,1968,9
155.5,1968,10
156.6,1968,11
156.0,1968,12
155.7,1969,1
155.1,1969,2
152.9,1969,3
150.7,1969,4
150.4,1969,5
150.1,1969,6
149.9,1969,7
150.7,1969,8
149.2,1969,9
147.4,1969,10
148.0,1969,11
148.5,1969,12
149.5,1970,1
150.1,1970,2
150.3,1970,3
150.3,1970,4
149.8,1970,5
149.1,1970,6
147.0,1970,7
143.0,1970,8
137.6,1970,9
132.9,1970,10
126.5,1970,11
119.0,1970,12
113.8,1971,1
110.1,1971,2
105.3,1971,3
100.4,1971,4
96.5,1971,5
94.5,1971,6
92.7,1971,7
91.5,1971,8
93.2,1971,9
93.8,1971,10
94.7,1971,11
98.3,1971,12
100.3,1972,1
100.9,1972,2
102.6,1972,3
104.0,1972,4
103.3,1972,5
99.9,1972,6
96.6,1972,7
92.9,1972,8
88.2,1972,9
85.9,1972,10
83.3,1972,11
78.2,1972,12
72.3,1973,1
66.1,1973,2
62.8,1973,3
60.8,1973,4
57.9,1973,5
55.6,1973,6
53.4,1973,7
51.4,1973,8
49.0,1973,9
46.6,1973,10
45.4,1973,11
45.0,1973,12
46.8,1974,1
49.1,1974,2
48.5,1974,3
48.3,1974,4
49.4,1974,5
49.3,1974,6
48.6,1974,7
47.3,1974,8
45.8,1974,9
43.2,1974,10
39.3,1974,11
36.1,1974,12
33.0,1975,1
31.8,1975,2
30.6,1975,3
26.8,1975,4
24.2,1975,5
23.2,1975,6
21.8,1975,7
20.7,1975,8
20.9,1975,9
22.3,1975,10
23.3,1975,11
23.6,1975,12
22.1,1976,1
19.2,1976,2
17.8,1976,3
18.4,1976,4
18.3,1976,5
17.9,1976,6
18.8,1976,7
20.5,1976,8
20.8,1976,9
19.7,1976,10
19.7,1976,11
21.6,1976,12
24.3,1977,1
26.3,1977,2
28.8,1977,3
31.9,1977,4
34.7,1977,5
37.7,1977,6
41.4,1977,7
47.6,1977,8
55.8,1977,9
64.8,1977,10
73.7,1977,11
80.7,1977,12
86.9,1978,1
91.5,1978,2
98.7,1978,3
109.0,1978,4
117.8,1978,5
126.6,1978,6
138.0,1978,7
147.3,1978,8
153.6,1978,9
157.3,1978,10
160.4,1978,11
166.7,1978,12
175.2,1979,1
185.4,1979,2
193.3,1979,3
199.9,1979,4
208.5,1979,5
216.7,1979,6
219.5,1979,7
220.1,1979,8
220.4,1979,9
223.4,1979,10
229.8,1979,11
232.9,1979,12
232.0,1980,1
230.2,1980,2
227.9,1980,3
224.6,1980,4
221.3,1980,5
219.1,1980,6
216.1,1980,7
212.0,1980,8
211.5,1980,9
211.9,1980,10
209.1,1980,11
202.8,1980,12
199.6,1981,1
202.2,1981,2
205.4,1981,3
205.7,1981,4
204.1,1981,5
200.9,1981,6
198.5,1981,7
199.9,1981,8
202.7,1981,9
201.4,1981,10
196.0,1981,11
194.1,1981,12
192.7,1982,1
186.6,1982,2
180.0,1982,3
173.4,1982,4
167.5,1982,5
164.0,1982,6
161.5,1982,7
153.5,1982,8
141.4,1982,9
133.3,1982,10
131.3,1982,11
130.5,1982,12
127.9,1983,1
123.9,1983,2
117.1,1983,3
110.5,1983,4
104.5,1983,5
95.9,1983,6
89.1,1983,7
88.9,1983,8
91.7,1983,9
92.0,1983,10
89.7,1983,11
85.5,1983,12
80.5,1984,1
75.8,1984,2
71.2,1984,3
66.8,1984,4
63.5,1984,5
61.7,1984,6
58.3,1984,7
52.2,1984,8
44.3,1984,9
37.2,1984,10
31.6,1984,11
27.4,1984,12
25.2,1985,1
23.5,1985,2
21.7,1985,3
21.3,1985,4
21.4,1985,5
20.8,1985,6
19.9,1985,7
19.6,1985,8
19.8,1985,9
19.7,1985,10
19.1,1985,11
17.3,1985,12
15.2,1986,1
14.3,1986,2
14.3,1986,3
15.1,1986,4
15.8,1986,5
15.2,1986,6
15.1,1986,7
14.4,1986,8
13.5,1986,9
14.7,1986,10
16.6,1986,11
18.3,1986,12
19.9,1987,1
22.3,1987,2
25.5,1987,3
28.0,1987,4
30.3,1987,5
32.7,1987,6
36.2,1987,7
40.5,1987,8
45.3,1987,9
51.0,1987,10
55.1,1987,11
60.9,1987,12
69.2,1988,1
76.9,1988,2
84.9,1988,3
93.0,1988,4
101.4,1988,5
114.3,1988,6
128.5,1988,7
141.1,1988,8
151.2,1988,9
156.9,1988,10
164.4,1988,11
176.1,1988,12
184.8,1989,1
190.7,1989,2
198.0,1989,3
203.8,1989,4
209.5,1989,5
212.1,1989,6
212.0,1989,7
211.1,1989,8
210.5,1989,9
212.4,1989,10
212.5,1989,11
206.2,1989,12
201.2,1990,1
202.4,1990,2
200.9,1990,3
198.1,1990,4
195.1,1990,5
192.0,1990,6
190.1,1990,7
191.6,1990,8
194.6,1990,9
195.2,1990,10
195.2,1990,11
197.8,1990,12
202.8,1991,1
204.4,1991,2
203.9,1991,3
203.8,1991,4
202.9,1991,5
202.8,1991,6
203.5,1991,7
203.3,1991,8
200.9,1991,9
196.7,1991,10
191.4,1991,11
183.1,1991,12
172.6,1992,1
161.1,1992,2
151.8,1992,3
146.0,1992,4
142.1,1992,5
137.1,1992,6
128.5,1992,7
119.3,1992,8
113.0,1992,9
109.0,1992,10
106.3,1992,11
104.5,1992,12
101.9,1993,1
99.3,1993,2
95.4,1993,3
90.2,1993,4
84.2,1993,5
78.6,1993,6
76.5,1993,7
73.6,1993,8
68.3,1993,9
63.2,1993,10
58.4,1993,11
55.1,1993,12
52.6,1994,1
50.2,1994,2
49.4,1994,3
49.6,1994,4
48.7,1994,5
46.4,1994,6
42.7,1994,7
40.1,1994,8
39.7,1994,9
39.4,1994,10
38.7,1994,11
37.6,1994,12
35.6,1995,1
33.7,1995,2
32.0,1995,3
29.4,1995,4
27.3,1995,5
25.9,1995,6
24.4,1995,7
22.0,1995,8
19.0,1995,9
17.0,1995,10
15.9,1995,11
15.1,1995,12
14.5,1996,1
14.2,1996,2
13.7,1996,3
12.0,1996,4
11.2,1996,5
11.6,1996,6
11.3,1996,7
11.2,1996,8
11.3,1996,9
12.0,1996,10
13.4,1996,11
14.3,1996,12
14.5,1997,1
15.2,1997,2
18.3,1997,3
22.0,1997,4
24.4,1997,5
27.2,1997,6
30.4,1997,7
33.6,1997,8
38.2,1997,9
43.1,1997,10
47.1,1997,11
52.0,1997,12
58.4,1998,1
65.4,1998,2
72.0,1998,3
76.9,1998,4
80.8,1998,5
85.4,1998,6
89.8,1998,7
93.5,1998,8
96.4,1998,9
98.2,1998,10
102.3,1998,11
110.4,1998,12
118.4,1999,1
122.5,1999,2
122.3,1999,3
125.0,1999,4
132.6,1999,5
136.3,1999,6
138.1,1999,7
142.9,1999,8
150.5,1999,9
159.3,1999,10
164.1,1999,11
164.0,1999,12
166.1,2000,1
170.6,2000,2
174.3,2000,3
175.2,2000,4
172.9,2000,5
172.7,2000,6
174.2,2000,7
172.8,2000,8
168.8,2000,9
165.3,2000,10
163.1,2000,11
162.7,2000,12
158.3,2001,1
152.5,2001,2
155.1,2001,3
160.7,2001,4
163.7,2001,5
167.4,2001,6
172.0,2001,7
175.8,2001,8
177.1,2001,9
177.3,2001,10
180.3,2001,11
179.1,2001,12
177.6,2002,1
179.7,2002,2
178.2,2002,3
174.4,2002,4
171.3,2002,5
166.9,2002,6
161.5,2002,7
155.4,2002,8
149.5,2002,9
143.9,2002,10
136.0,2002,11
131.4,2002,12
129.6,2003,1
125.7,2003,2
118.7,2003,3
111.9,2003,4
107.0,2003,5
101.7,2003,6
96.0,2003,7
92.9,2003,8
91.8,2003,9
89.1,2003,10
86.9,2003,11
84.1,2003,12
80.1,2004,1
76.4,2004,2
73.2,2004,3
71.0,2004,4
69.5,2004,5
67.1,2004,6
64.8,2004,7
63.0,2004,8
60.2,2004,9
57.9,2004,10
56.6,2004,11
55.7,2004,12
54.5,2005,1
53.2,2005,2
52.3,2005,3
49.3,2005,4
45.0,2005,5
44.5,2005,6
44.6,2005,7
41.9,2005,8
39.4,2005,9
38.9,2005,10
38.4,2005,11
36.0,2005,12
33.0,2006,1
29.7,2006,2
27.4,2006,3
27.0,2006,4
27.4,2006,5
26.2,2006,6
25.0,2006,7
25.9,2006,8
26.0,2006,9
23.7,2006,10
21.1,2006,11
20.2,2006,12
19.8,2007,1
19.0,2007,2
17.7,2007,3
16.4,2007,4
14.4,2007,5
12.8,2007,6
11.6,2007,7
9.9,2007,8
9.6,2007,9
9.9,2007,10
9.2,2007,11
7.9,2007,12
6.6,2008,1
5.6,2008,2
5.1,2008,3
5.1,2008,4
5.4,2008,5
4.8,2008,6
4.0,2008,7
3.8,2008,8
3.2,2008,9
2.4,2008,10
2.3,2008,11
2.2,2008,12
2.5,2009,1
2.7,2009,2
2.9,2009,3
3.3,2009,4
3.5,2009,5
4.1,2009,6
5.5,2009,7
7.4,2009,8
9.5,2009,9
10.9,2009,10
11.7,2009,11
12.7,2009,12
14.0,2010,1
16.1,2010,2
18.5,2010,3
20.8,2010,4
23.1,2010,5
24.6,2010,6
25.2,2010,7
26.4,2010,8
29.5,2010,9
34.5,2010,10
39.1,2010,11
42.5,2010,12
45.7,2011,1
48.8,2011,2
53.8,2011,3
61.1,2011,4
69.3,2011,5
77.2,2011,6
83.6,2011,7
86.3,2011,8
86.6,2011,9
87.4,2011,10
89.4,2011,11
92.5,2011,12
95.5,2012,1
98.1,2012,2
98.3,2012,3
95.1,2012,4
90.9,2012,5
86.6,2012,6
84.5,2012,7
85.1,2012,8
85.3,2012,9
85.8,2012,10
87.7,2012,11
88.1,2012,12
86.8,2013,1
86.1,2013,2
84.4,2013,3
84.3,2013,4
87.0,2013,5
90.9,2013,6
94.6,2013,7
99.0,2013,8
104.6,2013,9
107.0,2013,10
106.9,2013,11
107.6,2013,12
109.3,2014,1
110.5,2014,2
114.3,2014,3
116.4,2014,4
115.0,2014,5
114.1,2014,6
112.6,2014,7
108.3,2014,8
101.9,2014,9
97.3,2014,10
94.7,2014,11
92.2,2014,12
89.3,2015,1
86.1,2015,2
82.1,2015,3
78.9,2015,4
76.1,2015,5
72.1,2015,6
68.3,2015,7
66.4,2015,8
65.9,2015,9
64.3,2015,10
61.2,2015,11
57.8,2015,12
54.4,2016,1
52.5,2016,2
50.4,2016,3
47.8,2016,4
44.8,2016,5
41.5,2016,6
38.5,2016,7
36.0,2016,8
33.2,2016,9
31.5,2016,10
29.9,2016,11
28.5,2016,12
27.8,2017,1
26.5,2017,2
25.7,2017,3
24.8,2017,4
23.3,2017,5
22.2,2017,6
21.0,2017,7
19.6,2017,8
18.3,2017,9
16.7,2017,10
15.4,2017,11
15.1,2017,12
14.2,2018,1
12.6,2018,2
9.9,2018,3
7.8,2018,4
7.5,2018,5
7.2,2018,6
7.0,2018,7
6.7,2018,8
6.5,2018,9
6.8,2018,10
6.7,2018,11
6.0,2018,12
5.4,2019,1
5.0,2019,2
4.6,2019,3
4.3,2019,4
3.9,2019,5
3.7,2019,6
3.5,2019,7
3.4,2019,8
3.1,2019,9
2.6,2019,10
2.0,2019,11
1.8,2019,12
2.2,2020,1
2.7,2020,2
3.0,2020,3
3.6,2020,4
5.6,2020,5
7.9,2020,6
9.0,2020,7
9.5,2020,8
10.5,2020,9
11.9,2020,10
13.6,2020,11
15.3,2020,12
17.3,2021,1
19.0,2021,2
21.7,2021,3
24.8,2021,4
25.8,2021,5
27.6,2021,6
31.4,2021,7
35.4,2021,8
40.2,2021,9
45.2,2021,10
50.8,2021,11
55.9,2021,12
60.1,2022,1
64.7,2022,2
68.7,2022,3
73.0,2022,4
77.4,2022,5
81.1,2022,6
86.7,2022,7
92.6,2022,8
96.5,2022,9
98.9,2022,10
101.2,2022,11
106.7,2022,12
113.3,2023,1
117.8,2023,2
121.1,2023,3
122.9,2023,4
124.2,2023,5
125.3,2023,6
124.6,2023,7
124.3,2023,8
124.0,2023,9
124.8,2023,10
127.9,2023,11
129.5,2023,12
131.2,2024,1
136.9,2024,2
141.4,2024,3
144.5,2024,4
149.1,2024,5
152.7,2024,6
154.9,2024,7
