Year,Month,Smoothed_SSN
1749,7,136.0324175824176
1749,8,137.88021978021976
1749,9,140.3073926073926
1749,10,143.04295704295703
1749,11,145.81593406593404
1749,12,148.35534465534465
1750,1,150.39020979020952
1750,2,150.96923076923048
1750,3,150.67482517482486
1750,4,149.35384615384578
1750,5,147.06993006992968
1750,6,144.012587412587
1750,7,140.09720279720239
1750,8,135.35384615384575
1750,9,130.49720279720233
1750,10,125.99230769230724
1750,11,121.640559440559
1750,12,116.58601398601355
1751,1,110.66153846153803
1751,2,104.53636363636319
1751,3,98.23986013985974
1751,4,92.13986013985978
1751,5,86.78251748251716
1751,6,82.62097902097872
1751,7,79.49790209790184
1751,8,77.68741258741235
1751,9,77.20839160839138
1751,10,77.1055944055942
1751,11,77.12727272727255
1751,12,77.48251748251734
1752,1,77.9223776223775
1752,2,78.16013986013972
1752,3,78.30629370629354
1752,4,78.62727272727255
1752,5,79.00419580419563
1752,6,79.09790209790191
1752,7,78.87692307692288
1752,8,78.12657342657323
1752,9,76.28461538461518
1752,10,73.60069930069908
1752,11,70.70909090909068
1752,12,67.96503496503473
1753,1,65.41188811188788
1753,2,63.041258741258495
1753,3,60.779720279720024
1753,4,58.2601398601396
1753,5,55.19440559440535
1753,6,51.55524475524452
1753,7,47.59300699300677
1753,8,43.35314685314665
1753,9,39.058741258741044
1753,10,35.17202797202777
1753,11,31.741958041957854
1753,12,28.93146853146836
1754,1,26.690909090908946
1754,2,24.867832167832045
1754,3,23.4993006993006
1754,4,22.580419580419502
1754,5,22.034265734265666
1754,6,21.855244755244676
1754,7,21.844755244755167
1754,8,21.8818181818181
1754,9,21.63706293706287
1754,10,20.854545454545388
1754,11,19.803496503496437
1754,12,18.490209790209725
1755,1,16.925874125874067
1755,2,15.552447552447493
1755,3,14.610489510489455
1755,4,14.194405594405545
1755,5,14.232167832167793
1755,6,14.562237762237737
1755,7,15.053846153846136
1755,8,15.616083916083904
1755,9,16.177622377622363
1755,10,16.822377622377605
1755,11,17.43146853146851
1755,12,17.8251748251748
1756,1,18.139860139860108
1756,2,18.3300699300699
1756,3,18.249650349650324
1756,4,17.95454545454544
1756,5,17.622377622377613
1756,6,17.67482517482517
1756,7,18.343356643356643
1756,8,19.311888111888123
1756,9,20.704895104895133
1756,10,22.801398601398642
1756,11,25.27972027972033
1756,12,28.196503496503563
1757,1,31.651748251748323
1757,2,35.274825174825246
1757,3,39.05664335664343
1757,4,42.960839160839235
1757,5,47.116783216783276
1757,6,51.54335664335671
1757,7,55.82797202797208
1757,8,59.95384615384619
1757,9,63.94265734265736
1757,10,67.61888111888113
1757,11,70.98811188811187
1757,12,73.92307692307689
1758,1,76.22937062937058
1758,2,77.90839160839153
1758,3,79.0874125874125
1758,4,79.85034965034951
1758,5,80.2461538461537
1758,6,80.10839160839144
1758,7,79.5846153846152
1758,8,78.93496503496488
1758,9,78.12937062937048
1758,10,77.5391608391607
1758,11,77.6251748251747
1758,12,78.14265734265722
1759,1,78.94125874125862
1759,2,80.34265734265725
1759,3,82.25454545454535
1759,4,84.61048951048943
1759,5,87.12027972027963
1759,6,89.63496503496496
1759,7,92.15594405594398
1759,8,94.44405594405583
1759,9,96.79440559440549
1759,10,99.19930069930057
1759,11,101.24335664335652
1759,12,102.7524475524474
1760,1,103.71888111888096
1760,2,104.11958041958026
1760,3,104.14265734265717
1760,4,104.20909090909073
1760,5,104.31048951048933
1760,6,104.53706293706279
1760,7,105.28321678321664
1760,8,106.9335664335663
1760,9,109.51538461538452
1760,10,112.63216783216774
1760,11,116.13356643356634
1760,12,120.35174825174816
1761,1,125.27762237762225
1761,2,130.15664335664323
1761,3,134.63636363636348
1761,4,138.22097902097883
1761,5,140.5321678321676
1761,6,141.3839160839158
1761,7,140.85874125874093
1761,8,138.970629370629
1761,9,135.3965034965031
1761,10,130.5244755244751
1761,11,124.98671328671286
1761,12,119.24685314685276
1762,1,113.69790209790173
1762,2,109.0447552447549
1762,3,105.49020979020946
1762,4,102.828671328671
1762,5,101.09860139860109
1762,6,100.02237762237733
1762,7,99.06153846153819
1762,8,98.02727272727245
1762,9,96.7706293706291
1762,10,95.09370629370603
1762,11,92.92727272727248
1762,12,90.21048951048925
1763,1,87.32307692307664
1763,2,84.70489510489485
1763,3,82.32657342657318
1763,4,80.37762237762216
1763,5,78.93146853146833
1763,6,78.09790209790192
1763,7,77.8741258741257
1763,8,78.16923076923061
1763,9,78.93146853146837
1763,10,79.81258741258722
1763,11,80.52167832167814
1763,12,80.67832167832148
1764,1,79.88321678321655
1764,2,77.94685314685292
1764,3,75.07272727272701
1764,4,71.44055944055918
1764,5,67.28461538461512
1764,6,62.947552447552184
1764,7,58.64475524475499
1764,8,54.43426573426549
1764,9,50.75804195804172
1764,10,47.84265734265714
1764,11,45.53916083916065
1764,12,43.84265734265717
1765,1,42.51258741258725
1765,2,41.35454545454531
1765,3,40.00769230769217
1765,4,38.559440559440425
1765,5,37.21188811188799
1765,6,35.850349650349536
1765,7,34.59930069930058
1765,8,33.495804195804084
1765,9,32.44265734265721
1765,10,31.294405594405468
1765,11,29.93076923076911
1765,12,28.28881118881107
1766,1,26.35244755244744
1766,2,24.252447552447464
1766,3,22.23356643356635
1766,4,20.619580419580352
1766,5,19.698601398601348
1766,6,19.576923076923045
1766,7,20.315384615384602
1766,8,21.71118881118882
1766,9,23.512587412587447
1766,10,25.730769230769276
1766,11,28.367832167832237
1766,12,31.425874125874202
1767,1,35.043356643356724
1767,2,39.20629370629379
1767,3,44.02937062937072
1767,4,49.30629370629378
1767,5,54.47272727272733
1767,6,59.15664335664342
1767,7,63.50069930069936
1767,8,67.65944055944061
1767,9,71.57692307692311
1767,10,75.32937062937066
1767,11,79.02027972027973
1767,12,82.75874125874127
1768,1,86.93706293706295
1768,2,91.82167832167832
1768,3,97.18671328671327
1768,4,102.24125874125873
1768,5,106.7531468531468
1768,6,111.0608391608391
1768,7,114.89720279720274
1768,8,118.24755244755237
1768,9,121.32587412587407
1768,10,124.30909090909084
1768,11,127.78461538461535
1768,12,132.50349650349645
1769,1,138.72097902097894
1769,2,145.6811188811188
1769,3,152.97832167832163
1769,4,160.93286713286707
1769,5,169.21958041958032
1769,6,176.67622377622362
1769,7,182.31608391608373
1769,8,186.04755244755222
1769,9,188.29930069930043
1769,10,189.44895104895073
1769,11,189.51538461538422
1769,12,188.49440559440518
1770,1,186.50629370629326
1770,2,183.7552447552443
1770,3,180.49510489510436
1770,4,176.46223776223724
1770,5,170.76643356643305
1770,6,164.08181818181774
1770,7,158.35944055944012
1770,8,154.39160839160797
1770,9,151.85034965034924
1770,10,150.14685314685275
1770,11,148.93356643356606
1770,12,148.09580419580385
1771,1,147.4321678321675
1771,2,146.66503496503466
1771,3,145.63076923076895
1771,4,143.99510489510462
1771,5,142.7069930069927
1771,6,142.87482517482485
1771,7,143.80839160839125
1771,8,144.5454545454542
1771,9,144.5664335664332
1771,10,143.6685314685311
1771,11,141.88391608391572
1771,12,138.89860139860107
1772,1,134.463636363636
1772,2,129.54825174825132
1772,3,124.64195804195761
1772,4,119.92867132867089
1772,5,116.0132867132863
1772,6,112.13776223776186
1772,7,107.60349650349613
1772,8,103.03286713286676
1772,9,98.76923076923039
1772,10,94.58741258741222
1772,11,90.39580419580383
1772,12,86.14825174825138
1773,1,81.77692307692274
1773,2,77.04055944055914
1773,3,71.89020979020951
1773,4,67.33146853146827
1773,5,63.67762237762216
1773,6,61.0951048951047
1773,7,60.10419580419563
1773,8,60.239860139859985
1773,9,61.06363636363622
1773,10,62.39720279720266
1773,11,63.70209790209777
1773,12,64.54195804195791
1774,1,64.71328671328655
1774,2,63.98251748251729
1774,3,62.39999999999978
1774,4,59.78321678321654
1774,5,56.12517482517456
1774,6,51.567832167831895
1774,7,46.21048951048924
1774,8,40.27342657342632
1774,9,34.186013986013734
1774,10,28.4265734265732
1774,11,23.320979020978815
1774,12,19.21118881118863
1775,1,16.143356643356494
1775,2,14.106993006992896
1775,3,13.004895104895022
1775,4,12.528671328671269
1775,5,12.590209790209753
1775,6,12.932867132867111
1775,7,13.437062937062922
1775,8,14.044755244755235
1775,9,14.738461538461536
1775,10,15.581118881118888
1775,11,16.50279720279722
1775,12,17.502797202797225
1776,1,18.59930069930073
1776,2,20.065034965035004
1776,3,22.06153846153851
1776,4,24.22517482517489
1776,5,26.595804195804273
1776,6,29.695804195804303
1776,7,33.57692307692321
1776,8,38.23216783216799
1776,9,43.88811188811208
1776,10,50.86153846153867
1776,11,59.13776223776248
1776,12,68.5363636363639
1777,1,79.07482517482546
1777,2,91.10419580419611
1777,3,104.36293706293736
1777,4,118.34685314685343
1777,5,132.36083916083945
1777,6,146.27762237762266
1777,7,160.58811188811214
1777,8,175.25244755244776
1777,9,189.7629370629372
1777,10,203.50349650349662
1777,11,216.2706293706294
1777,12,228.16503496503492
1778,1,239.0475524475523
1778,2,247.81608391608373
1778,3,253.986713286713
1778,4,257.89860139860104
1778,5,259.768531468531
1778,6,260.25314685314635
1778,7,259.3797202797197
1778,8,256.94125874125814
1778,9,253.36503496503434
1778,10,248.95734265734202
1778,11,244.30559440559375
1778,12,239.53216783216723
1779,1,234.37902097902034
1779,2,228.66853146853083
1779,3,222.86293706293642
1779,4,217.64965034964973
1779,5,213.18601398601336
1779,6,208.76293706293646
1779,7,203.79860139860077
1779,8,198.72587412587353
1779,9,193.63636363636306
1779,10,188.44685314685256
1779,11,183.23426573426516
1779,12,177.97132867132808
1780,1,172.49020979020924
1780,2,167.1335664335659
1780,3,162.11118881118827
1780,4,157.43426573426524
1780,5,152.89580419580372
1780,6,148.30979020978975
1780,7,144.2237762237758
1780,8,140.77552447552407
1780,9,137.99370629370588
1780,10,136.14965034964996
1780,11,134.49020979020943
1780,12,132.39230769230733
1781,1,129.84825174825139
1781,2,127.2832167832164
1781,3,124.75524475524438
1781,4,121.65174825174786
1781,5,117.98041958041921
1781,6,114.03076923076884
1781,7,109.94405594405555
1781,8,105.5958041958038
1781,9,100.96293706293669
1781,10,95.95664335664299
1781,11,90.57482517482482
1781,12,85.31118881118846
1782,1,80.61118881118847
1782,2,76.27832167832138
1782,3,72.18251748251718
1782,4,68.7734265734263
1782,5,66.39160839160814
1782,6,64.69370629370606
1782,7,62.956643356643134
1782,8,61.068531468531255
1782,9,59.14615384615364
1782,10,57.134965034964836
1782,11,55.19090909090889
1782,12,53.1923076923075
1783,1,51.032167832167644
1783,2,48.78461538461519
1783,3,46.44125874125855
1783,4,44.08251748251729
1783,5,41.726573426573246
1783,6,39.20629370629353
1783,7,36.515384615384434
1783,8,33.83986013985996
1783,9,31.07832167832151
1783,10,28.18671328671313
1783,11,25.35594405594391
1783,12,22.753146853146724
1784,1,20.562937062936957
1784,2,18.8999999999999
1784,3,17.629370629370545
1784,4,16.670629370629296
1784,5,16.011188811188752
1784,6,15.630069930069888
1784,7,15.531468531468507
1784,8,15.74825174825174
1784,9,16.309090909090916
1784,10,17.085314685314703
1784,11,18.264335664335693
1784,12,20.144055944055985
1785,1,22.644755244755295
1785,2,25.48741258741265
1785,3,28.58111888111895
1785,4,31.76503496503505
1785,5,34.983916083916185
1785,6,38.7818181818183
1785,7,43.38881118881131
1785,8,48.60979020979033
1785,9,54.28111888111903
1785,10,60.45664335664351
1785,11,67.46783216783233
1785,12,75.24965034965051
1786,1,83.45804195804214
1786,2,92.24335664335683
1786,3,101.89300699300719
1786,4,112.02657342657359
1786,5,122.38111888111901
1786,6,132.95874125874136
1786,7,143.21328671328678
1786,8,152.48671328671335
1786,9,160.75944055944058
1786,10,168.2356643356643
1786,11,175.0468531468531
1786,12,181.04265734265726
1787,1,186.68391608391596
1787,2,192.6251748251747
1787,3,198.50139860139842
1787,4,204.34055944055928
1787,5,210.2811188811187
1787,6,215.38321678321654
1787,7,219.41958041958017
1787,8,222.89020979020947
1787,9,225.96503496503465
1787,10,228.62307692307658
1787,11,230.9174825174821
1787,12,232.63146853146807
1788,1,233.54615384615337
1788,2,233.28601398601347
1788,3,231.7139860139855
1788,4,229.47342657342605
1788,5,226.56293706293653
1788,6,222.95034965034912
1788,7,219.49650349650298
1788,8,216.73496503496452
1788,9,214.53846153846098
1788,10,212.84195804195747
1788,11,211.0559440559435
1788,12,208.7783216783212
1789,1,206.26223776223725
1789,2,203.53496503496456
1789,3,200.95524475524428
1789,4,198.6713286713282
1789,5,196.74405594405548
1789,6,195.47902097902053
1789,7,194.64125874125827
1789,8,193.61118881118833
1789,9,192.0720279720275
1789,10,189.70839160839114
1789,11,186.23846153846108
1789,12,182.32867132867085
1790,1,178.28321678321623
1790,2,173.9279720279715
1790,3,169.31608391608336
1790,4,164.27972027971975
1790,5,158.89999999999952
1790,6,153.4307692307687
1790,7,147.9342657342652
1790,8,142.5741258741254
1790,9,137.59160839160796
1790,10,133.02587412587368
1790,11,129.23916083916043
1790,12,126.1944055944052
1791,1,123.43426573426535
1791,2,120.90349650349616
1791,3,118.44615384615349
1791,4,115.94755244755214
1791,5,113.72517482517452
1791,6,111.86503496503467
1791,7,110.32097902097874
1791,8,109.09999999999972
1791,9,108.00279720279696
1791,10,107.02377622377595
1791,11,106.20769230769207
1791,12,105.46503496503472
1792,1,104.7335664335662
1792,2,103.93286713286689
1792,3,103.17622377622354
1792,4,102.52307692307667
1792,5,101.88461538461515
1792,6,101.10419580419557
1792,7,100.06363636363615
1792,8,98.79160839160815
1792,9,97.57552447552422
1792,10,96.29020979020952
1792,11,94.64965034965009
1792,12,92.72587412587386
1793,1,90.51818181818156
1793,2,88.17412587412561
1793,3,85.88321678321653
1793,4,83.73916083916058
1793,5,81.48811188811166
1793,6,79.07062937062913
1793,7,76.79790209790187
1793,8,74.82727272727251
1793,9,73.25524475524456
1793,10,71.8895104895103
1793,11,70.43286713286693
1793,12,68.97832167832149
1794,1,67.99230769230752
1794,2,67.4615384615383
1794,3,67.2685314685313
1794,4,67.20979020979004
1794,5,66.92447552447535
1794,6,66.42587412587395
1794,7,65.6860139860138
1794,8,64.37552447552429
1794,9,62.464335664335465
1794,10,60.10629370629351
1794,11,57.45244755244736
1794,12,54.82657342657322
1795,1,52.23846153846132
1795,2,49.48461538461518
1795,3,46.67482517482499
1795,4,43.804895104894925
1795,5,41.18811188811173
1795,6,39.12727272727258
1795,7,37.30419580419567
1795,8,35.75454545454533
1795,9,34.515384615384484
1795,10,33.68391608391596
1795,11,33.56223776223766
1795,12,33.67412587412578
1796,1,33.41118881118872
1796,2,32.860839160839056
1796,3,32.02237762237752
1796,4,30.83986013986003
1796,5,29.534265734265613
1796,6,27.883916083915963
1796,7,25.879020979020858
1796,8,23.83006993006981
1796,9,21.70209790209779
1796,10,19.604895104894993
1796,11,17.72937062937053
1796,12,16.01188811188802
1797,1,14.54475524475516
1797,2,13.397202797202722
1797,3,12.402797202797137
1797,4,11.61538461538456
1797,5,11.042657342657298
1797,6,10.530769230769184
1797,7,10.188811188811144
1797,8,9.825874125874085
1797,9,9.386713286713245
1797,10,8.969930069930033
1797,11,8.409090909090871
1797,12,7.746853146853113
1798,1,7.158741258741231
1798,2,6.578321678321656
1798,3,5.9671328671328485
1798,4,5.63286713286712
1798,5,5.693706293706289
1798,6,6.073426573426577
1798,7,6.716083916083926
1798,8,7.624475524475536
1798,9,8.72797202797204
1798,10,9.836363636363643
1798,11,10.841258741258745
1798,12,11.680419580419578
1799,1,12.280419580419574
1799,2,12.58321678321677
1799,3,12.682517482517465
1799,4,12.648951048951023
1799,5,12.425874125874095
1799,6,11.933566433566398
1799,7,11.26783216783214
1799,8,10.65034965034963
1799,9,10.23986013986013
1799,10,10.191608391608389
1799,11,10.608391608391612
1799,12,11.283216783216796
1800,1,12.176223776223798
1800,2,13.5664335664336
1800,3,15.516083916083957
1800,4,17.783216783216833
1800,5,20.1447552447553
1800,6,22.66013986013992
1800,7,25.35664335664341
1800,8,28.174125874125927
1800,9,31.098601398601446
1800,10,34.08391608391613
1800,11,36.9552447552448
1800,12,39.672727272727315
1801,1,42.3713286713287
1801,2,45.06923076923079
1801,3,47.76503496503498
1801,4,50.4006993006993
1801,5,52.98111888111888
1801,6,55.62447552447551
1801,7,58.175524475524455
1801,8,60.481118881118846
1801,9,62.532167832167794
1801,10,64.41958041958037
1801,11,66.31748251748246
1801,12,68.25454545454538
1802,1,70.03286713286704
1802,2,71.54055944055936
1802,3,72.93776223776214
1802,4,74.22237762237751
1802,5,75.09720279720267
1802,6,75.47692307692293
1802,7,75.41818181818167
1802,8,75.02167832167817
1802,9,74.3601398601397
1802,10,73.38811188811172
1802,11,72.22797202797186
1802,12,71.13356643356627
1803,1,70.29930069930055
1803,2,69.80209790209774
1803,3,69.57762237762222
1803,4,69.50769230769218
1803,5,69.73846153846141
1803,6,70.4265734265733
1803,7,71.46643356643345
1803,8,72.56923076923064
1803,9,73.38111888111877
1803,10,73.76643356643343
1803,11,73.9286713286712
1803,12,74.17272727272714
1804,1,74.5083916083915
1804,2,74.9160839160838
1804,3,75.35804195804185
1804,4,75.94685314685302
1804,5,76.93986013986002
1804,6,78.06293706293694
1804,7,79.08391608391597
1804,8,79.87202797202784
1804,9,80.45104895104882
1804,10,81.06083916083901
1804,11,81.5419580419579
1804,12,81.62307692307675
1805,1,81.2916083916082
1805,2,80.57132867132847
1805,3,79.38531468531448
1805,4,77.65314685314662
1805,5,75.34895104895082
1805,6,72.58951048951026
1805,7,69.6314685314683
1805,8,66.77202797202774
1805,9,64.3146853146851
1805,10,62.21538461538441
1805,11,60.28741258741238
1805,12,58.476223776223584
1806,1,56.82027972027952
1806,2,55.18391608391589
1806,3,53.434265734265544
1806,4,51.441958041957854
1806,5,49.22867132867114
1806,6,46.96643356643338
1806,7,44.64335664335647
1806,8,42.33146853146835
1806,9,40.07902097902081
1806,10,37.782517482517314
1806,11,35.55594405594389
1806,12,33.47762237762222
1807,1,31.390909090908934
1807,2,29.113986013985862
1807,3,26.641258741258603
1807,4,24.053846153846013
1807,5,21.423076923076792
1807,6,18.890909090908973
1807,7,16.639860139860033
1807,8,14.7944055944055
1807,9,13.313986013985932
1807,10,12.243356643356572
1807,11,11.558741258741204
1807,12,11.100699300699262
1808,1,10.806993006992979
1808,2,10.737762237762215
1808,3,10.984615384615372
1808,4,11.549650349650339
1808,5,12.269930069930059
1808,6,12.982517482517466
1808,7,13.658741258741236
1808,8,14.151748251748224
1808,9,14.317482517482484
1808,10,14.11958041958038
1808,11,13.519580419580373
1808,12,12.56783216783211
1809,1,11.40209790209784
1809,2,10.12517482517476
1809,3,8.79370629370623
1809,4,7.500699300699241
1809,5,6.279020979020924
1809,6,5.1062937062936555
1809,7,4.016783216783171
1809,8,3.017482517482476
1809,9,2.1713286713286357
1809,10,1.461538461538432
1809,11,0.926573426573403
1809,12,0.5909090909090734
1810,1,0.3566433566433441
1810,2,0.18321678321677434
1810,3,0.04545454545453894
1810,4,-0.053146853146858054
1810,5,-0.08251748251748572
1810,6,-0.047552447552448966
1810,7,-0.046153846153845456
1810,8,-0.07692307692307473
1810,9,-0.053146853146849665
1810,10,-0.01818181818181301
1810,11,0.07412587412588101
1810,12,0.26923076923077705
1811,1,0.4902097902097997
1811,2,0.7510489510489631
1811,3,1.1545454545454676
1811,4,1.651048951048964
1811,5,2.1895104895105018
1811,6,2.7174825174825283
1811,7,3.2118881118881193
1811,8,3.5937062937063
1811,9,3.855244755244762
1811,10,4.120279720279727
1811,11,4.396503496503502
1811,12,4.620279720279727
1812,1,4.886713286713292
1812,2,5.24825174825175
1812,3,5.6727272727272755
1812,4,6.0475524475524525
1812,5,6.422377622377629
1812,6,6.876223776223787
1812,7,7.331468531468546
1812,8,7.8846153846154
1812,9,8.637062937062952
1812,10,9.451048951048968
1812,11,10.333566433566453
1812,12,11.446853146853169
1813,1,12.768531468531492
1813,2,14.193006993007023
1813,3,15.708391608391635
1813,4,17.204195804195827
1813,5,18.713286713286728
1813,6,20.20769230769232
1813,7,21.574125874125873
1813,8,22.938461538461535
1813,9,24.10279720279719
1813,10,24.83916083916081
1813,11,25.28111888111884
1813,12,25.40069930069926
1814,1,25.146153846153798
1814,2,24.666433566433515
1814,3,24.037762237762195
1814,4,23.471328671328635
1814,5,23.27342657342654
1814,6,23.28321678321676
1814,7,23.63286713286712
1814,8,24.51258741258742
1814,9,25.981818181818202
1814,10,28.219580419580453
1814,11,31.008391608391648
1814,12,34.00000000000005
1815,1,37.32797202797208
1815,2,40.87062937062942
1815,3,44.31118881118886
1815,4,47.999300699300754
1815,5,51.95314685314691
1815,6,56.0524475524476
1815,7,60.39370629370632
1815,8,64.77622377622379
1815,9,68.83706293706291
1815,10,72.2461538461538
1815,11,74.93216783216779
1815,12,77.14545454545448
1816,1,78.81678321678314
1816,2,79.61468531468518
1816,3,79.44265734265718
1816,4,79.03426573426557
1816,5,78.8615384615383
1816,6,78.74195804195786
1816,7,78.35314685314667
1816,8,77.4832167832166
1816,9,76.31538461538443
1816,10,75.27062937062918
1816,11,74.63496503496485
1816,12,74.22027972027955
1817,1,73.55174825174808
1817,2,72.83426573426556
1817,3,72.48951048951028
1817,4,72.01608391608372
1817,5,70.61398601398581
1817,6,68.29930069930052
1817,7,65.72237762237742
1817,8,63.1972027972026
1817,9,61.04125874125854
1817,10,59.24755244755226
1817,11,57.599999999999824
1817,12,56.09370629370613
1818,1,54.863636363636196
1818,2,54.16923076923062
1818,3,53.93916083916071
1818,4,53.29510489510476
1818,5,52.081118881118734
1818,6,50.899999999999835
1818,7,49.697902097901945
1818,8,48.30629370629356
1818,9,46.77552447552433
1818,10,45.110489510489366
1818,11,43.367132867132725
1818,12,41.63496503496491
1819,1,40.181818181818066
1819,2,39.16083916083904
1819,3,38.59090909090899
1819,4,38.44475524475514
1819,5,38.50069930069922
1819,6,38.6755244755244
1819,7,38.896503496503406
1819,8,39.06013986013978
1819,9,39.12727272727264
1819,10,39.006993006992914
1819,11,38.564335664335566
1819,12,37.89300699300688
1820,1,36.95524475524464
1820,2,35.627272727272604
1820,3,33.95034965034952
1820,4,32.037062937062814
1820,5,30.190209790209664
1820,6,28.53076923076911
1820,7,26.87272727272715
1820,8,25.08391608391596
1820,9,23.209090909090786
1820,10,21.228671328671215
1820,11,19.255944055943953
1820,12,17.45314685314676
1821,1,15.830069930069842
1821,2,14.406293706293619
1821,3,12.9804195804195
1821,4,11.646153846153776
1821,5,10.76643356643351
1821,6,10.129370629370584
1821,7,9.669930069930036
1821,8,9.44615384615382
1821,9,9.29300699300697
1821,10,9.244755244755218
1821,11,9.412587412587381
1821,12,9.660139860139829
1822,1,9.830069930069902
1822,2,9.71678321678319
1822,3,9.306293706293676
1822,4,8.816083916083878
1822,5,8.185314685314642
1822,6,7.337762237762194
1822,7,6.399999999999953
1822,8,5.475524475524429
1822,9,4.58321678321674
1822,10,3.752447552447516
1822,11,2.8916083916083597
1822,12,1.8636363636363371
1823,1,0.8272727272727113
1823,2,0.15244755244754923
1823,3,0.1363636363636446
1823,4,0.6069930069930257
1823,5,1.3622377622377884
1823,6,2.5447552447552746
1823,7,4.075524475524507
1823,8,5.698601398601428
1823,9,7.134265734265764
1823,10,8.261538461538494
1823,11,9.276923076923113
1823,12,10.355244755244781
1824,1,11.473426573426584
1824,2,12.491608391608391
1824,3,13.16643356643356
1824,4,13.62937062937062
1824,5,14.026573426573416
1824,6,14.259440559440552
1824,7,14.242657342657337
1824,8,14.061538461538465
1824,9,14.088811188811198
1824,10,14.680419580419585
1824,11,15.91748251748252
1824,12,17.574125874125883
1825,1,19.349650349650368
1825,2,21.076223776223795
1825,3,22.65664335664337
1825,4,24.229370629370646
1825,5,25.652447552447573
1825,6,26.801398601398617
1825,7,27.897202797202816
1825,8,29.2846153846154
1825,9,31.34265734265736
1825,10,33.70419580419583
1825,11,35.89440559440561
1825,12,37.94055944055947
1826,1,40.27272727272731
1826,2,43.11398601398605
1826,3,46.209090909090946
1826,4,49.497902097902134
1826,5,52.98181818181821
1826,6,56.64125874125876
1826,7,60.57902097902099
1826,8,64.63636363636364
1826,9,68.2951048951049
1826,10,71.36503496503495
1826,11,74.01188811188807
1826,12,76.4496503496503
1827,1,78.62797202797195
1827,2,80.27832167832159
1827,3,81.54265734265724
1827,4,82.60769230769219
1827,5,83.40139860139848
1827,6,84.1062937062936
1827,7,85.22237762237752
1827,8,86.73426573426563
1827,9,88.54825174825166
1827,10,91.07272727272719
1827,11,94.0965034965034
1827,12,97.2993006993006
1828,1,100.3181818181817
1828,2,102.89160839160826
1828,3,104.93216783216769
1828,4,105.96153846153831
1828,5,106.2615384615383
1828,6,106.41328671328651
1828,7,106.24265734265714
1828,8,105.82587412587394
1828,9,105.6062937062935
1828,10,105.65314685314665
1828,11,105.76083916083896
1828,12,106.01118881118862
1829,1,106.54475524475505
1829,2,107.19720279720262
1829,3,107.79930069930053
1829,4,108.48881118881103
1829,5,109.81048951048933
1829,6,111.6671328671327
1829,7,113.50699300699281
1829,8,115.33006993006973
1829,9,116.66573426573406
1829,10,116.95874125874101
1829,11,116.42097902097879
1829,12,115.37132867132844
1830,1,114.21678321678301
1830,2,113.38461538461517
1830,3,112.83496503496481
1830,4,112.87272727272705
1830,5,113.56853146853122
1830,6,114.48321678321652
1830,7,115.15384615384589
1830,8,114.84475524475498
1830,9,113.35384615384588
1830,10,111.11818181818154
1830,11,108.53846153846122
1830,12,105.77622377622345
1831,1,102.80489510489477
1831,2,99.45314685314654
1831,3,95.89020979020947
1831,4,92.64545454545424
1831,5,89.26153846153817
1831,6,85.3762237762235
1831,7,81.39999999999972
1831,8,77.78601398601371
1831,9,74.81398601398573
1831,10,72.25034965034938
1831,11,69.79860139860112
1831,12,67.07972027972002
1832,1,63.81818181818157
1832,2,60.30839160839136
1832,3,57.06223776223752
1832,4,53.7489510489508
1832,5,49.90069930069905
1832,6,45.89930069930044
1832,7,42.035664335664094
1832,8,38.24055944055922
1832,9,34.33986013985994
1832,10,30.518181818181635
1832,11,27.044055944055778
1832,12,23.944055944055787
1833,1,21.436363636363495
1833,2,19.63566433566421
1833,3,18.35874125874115
1833,4,17.33006993006984
1833,5,16.443356643356566
1833,6,15.619580419580354
1833,7,14.678321678321618
1833,8,13.758041958041906
1833,9,13.025174825174778
1833,10,12.532167832167792
1833,11,12.190909090909063
1833,12,12.060139860139847
1834,1,12.332867132867136
1834,2,13.055244755244765
1834,3,14.15804195804197
1834,4,15.30559440559443
1834,5,16.57902097902102
1834,6,18.39510489510495
1834,7,20.720979020979087
1834,8,23.496503496503582
1834,9,26.5874125874127
1834,10,30.100699300699436
1834,11,34.504895104895255
1834,12,40.246153846154016
1835,1,47.26713286713304
1835,2,55.0895104895107
1835,3,63.467832167832384
1835,4,72.23356643356665
1835,5,81.68951048951071
1835,6,91.80489510489534
1835,7,102.1853146853149
1835,8,112.8090909090911
1835,9,123.72167832167845
1835,10,134.62167832167842
1835,11,145.06713286713293
1835,12,154.2475524475525
1836,1,161.72307692307695
1836,2,168.46083916083916
1836,3,175.427972027972
1836,4,183.0384615384615
1836,5,191.18391608391602
1836,6,199.18601398601388
1836,7,206.8412587412586
1836,8,214.40419580419564
1836,9,221.93916083916065
1836,10,228.77342657342638
1836,11,234.14265734265706
1836,12,237.87202797202764
1837,1,240.21258741258697
1837,2,241.86293706293657
1837,3,242.3398601398596
1837,4,241.11398601398548
1837,5,238.0846153846148
1837,6,233.6447552447547
1837,7,228.6748251748246
1837,8,223.55314685314622
1837,9,218.4594405594399
1837,10,213.46013986013924
1837,11,208.7923076923071
1837,12,204.77342657342598
1838,1,200.97902097902036
1838,2,196.50699300699245
1838,3,191.25804195804142
1838,4,185.87132867132811
1838,5,180.82377622377564
1838,6,176.17692307692246
1838,7,171.3769230769225
1838,8,165.4447552447547
1838,9,158.42587412587363
1838,10,151.70839160839117
1838,11,146.40419580419538
1838,12,142.65244755244717
1839,1,140.31608391608356
1839,2,138.99510489510456
1839,3,139.02307692307656
1839,4,140.17412587412556
1839,5,141.42167832167806
1839,6,142.13916083916055
1839,7,142.0538461538459
1839,8,141.26783216783187
1839,9,140.06363636363602
1839,10,138.74195804195767
1839,11,136.9587412587409
1839,12,134.34615384615347
1840,1,131.25384615384579
1840,2,127.74685314685274
1840,3,123.39370629370589
1840,4,118.02027972027929
1840,5,111.82517482517441
1840,6,105.45594405594365
1840,7,99.88111888111848
1840,8,95.48041958041922
1840,9,91.80699300699266
1840,10,88.31748251748218
1840,11,84.88321678321647
1840,12,81.65874125874093
1841,1,78.8027972027969
1841,2,76.19720279720252
1841,3,73.42097902097878
1841,4,70.38601398601375
1841,5,67.37482517482493
1841,6,64.60139860139836
1841,7,62.1398601398599
1841,8,59.77902097902074
1841,9,57.41188811188789
1841,10,54.88601398601377
1841,11,51.961538461538275
1841,12,49.02517482517465
1842,1,46.30069930069913
1842,2,43.97202797202782
1842,3,42.186013986013826
1842,4,40.93636363636348
1842,5,40.19720279720265
1842,6,39.59440559440545
1842,7,38.753146853146724
1842,8,37.66713286713275
1842,9,36.40419580419569
1842,10,34.91328671328659
1842,11,33.21678321678308
1842,12,31.512587412587276
1843,1,29.69650349650336
1843,2,27.632167832167706
1843,3,25.46643356643346
1843,4,23.346853146853043
1843,5,21.482517482517398
1843,6,20.06923076923069
1843,7,19.042657342657268
1843,8,18.402797202797142
1843,9,18.334965034964984
1843,10,18.765034965034932
1843,11,19.51258741258739
1843,12,20.30419580419579
1844,1,20.9160839160839
1844,2,21.323776223776214
1844,3,21.716783216783217
1844,4,22.37972027972029
1844,5,23.532167832167858
1844,6,25.292307692307734
1844,7,27.63146853146858
1844,8,30.60209790209795
1844,9,34.05944055944061
1844,10,37.74055944055949
1844,11,41.54685314685319
1844,12,45.17832167832172
1845,1,48.527272727272766
1845,2,51.7685314685315
1845,3,54.79440559440562
1845,4,57.60419580419581
1845,5,60.350349650349635
1845,6,63.03846153846151
1845,7,65.79650349650348
1845,8,68.620979020979
1845,9,70.95314685314683
1845,10,73.16573426573426
1845,11,75.85244755244753
1845,12,79.00839160839159
1846,1,82.69650349650348
1846,2,86.86643356643354
1846,3,91.0657342657342
1846,4,95.18251748251741
1846,5,98.9755244755244
1846,6,101.80699300699291
1846,7,103.89999999999989
1846,8,104.96083916083903
1846,9,105.0160839160838
1846,10,105.11468531468523
1846,11,106.1377622377622
1846,12,108.95244755244754
1847,1,113.49230769230768
1847,2,119.78601398601403
1847,3,128.19580419580427
1847,4,138.25664335664342
1847,5,149.1356643356644
1847,6,160.0937062937063
1847,7,170.32447552447556
1847,8,179.56293706293707
1847,9,188.4755244755244
1847,10,196.61188811188802
1847,11,203.25944055944038
1847,12,207.96293706293676
1848,1,210.27132867132838
1848,2,210.99160839160808
1848,3,211.1524475524472
1848,4,210.8671328671325
1848,5,210.36293706293668
1848,6,210.16713286713247
1848,7,210.35244755244713
1848,8,211.59580419580374
1848,9,213.3412587412583
1848,10,214.3769230769226
1848,11,213.85524475524429
1848,12,211.41748251748206
1849,1,208.12797202797148
1849,2,204.1671328671323
1849,3,199.17622377622317
1849,4,193.6839160839155
1849,5,187.93776223776166
1849,6,181.96503496503436
1849,7,176.06293706293647
1849,8,170.06293706293653
1849,9,163.610489510489
1849,10,157.3999999999995
1849,11,152.15174825174776
1849,12,148.17342657342613
1850,1,145.18951048951004
1850,2,142.09370629370588
1850,3,138.89650349650307
1850,4,136.16083916083878
1850,5,133.60979020978985
1850,6,131.28811188811156
1850,7,129.56853146853112
1850,8,128.19160839160807
1850,9,127.16643356643326
1850,10,126.6783216783214
1850,11,126.6832167832165
1850,12,126.66993006992979
1851,1,126.12237762237736
1851,2,125.42027972027945
1851,3,124.75594405594377
1851,4,123.593706293706
1851,5,122.09999999999972
1851,6,120.81888111888084
1851,7,119.52447552447524
1851,8,118.2678321678319
1851,9,117.35804195804168
1851,10,116.30069930069901
1851,11,114.75594405594377
1851,12,113.17482517482489
1852,1,111.96853146853118
1852,2,111.03006993006963
1852,3,109.7069930069927
1852,4,107.693706293706
1852,5,105.36643356643324
1852,6,102.76433566433533
1852,7,99.66503496503466
1852,8,96.34895104895074
1852,9,93.25594405594379
1852,10,90.44825174825148
1852,11,88.14545454545429
1852,12,86.58461538461513
1853,1,85.51818181818156
1853,2,84.49160839160812
1853,3,83.21678321678297
1853,4,81.51468531468505
1853,5,79.23566433566407
1853,6,76.30699300699274
1853,7,72.91538461538437
1853,8,69.36013986013958
1853,9,65.81678321678294
1853,10,62.48251748251722
1853,11,59.19580419580394
1853,12,55.691608391608156
1854,1,52.2174825174823
1854,2,48.939860139859924
1854,3,45.91608391608373
1854,4,43.32517482517464
1854,5,41.21818181818165
1854,6,39.531468531468356
1854,7,38.27902097902082
1854,8,37.17342657342642
1854,9,35.89650349650336
1854,10,34.28251748251734
1854,11,32.26013986013972
1854,12,29.898601398601247
1855,1,27.333566433566286
1855,2,24.610489510489362
1855,3,21.89580419580405
1855,4,19.29370629370616
1855,5,16.80559440559428
1855,6,14.447552447552336
1855,7,12.24755244755235
1855,8,10.274825174825091
1855,9,8.668531468531402
1855,10,7.489510489510434
1855,11,6.808391608391564
1855,12,6.520279720279689
1856,1,6.367832167832147
1856,2,6.413286713286702
1856,3,6.76293706293706
1856,4,7.2657342657342685
1856,5,7.722377622377633
1856,6,8.238461538461559
1856,7,8.941258741258768
1856,8,9.934265734265765
1856,9,11.160139860139902
1856,10,12.614685314685369
1856,11,14.499300699300766
1856,12,16.879020979021057
1857,1,19.760139860139947
1857,2,23.225174825174918
1857,3,27.02727272727283
1857,4,31.11538461538473
1857,5,35.66783216783228
1857,6,40.604895104895206
1857,7,45.65454545454555
1857,8,50.56783216783226
1857,9,55.21958041958051
1857,10,59.69020979020987
1857,11,64.47132867132876
1857,12,69.6314685314686
1858,1,74.81958041958048
1858,2,79.89790209790216
1858,3,85.02167832167838
1858,4,90.5573426573427
1858,5,96.54895104895111
1858,6,102.70979020979026
1858,7,108.99300699300703
1858,8,115.36573426573429
1858,9,121.96993006993009
1858,10,128.93986013986014
1858,11,136.07622377622377
1858,12,143.2034965034965
1859,1,150.1650349650349
1859,2,156.72727272727263
1859,3,162.69650349650337
1859,4,167.881818181818
1859,5,171.97202797202775
1859,6,174.8370629370627
1859,7,176.71678321678297
1859,8,178.03706293706267
1859,9,179.32937062937037
1859,10,180.64755244755216
1859,11,181.5377622377619
1859,12,182.03426573426535
1860,1,182.6314685314682
1860,2,183.19020979020942
1860,3,183.2860139860136
1860,4,182.75314685314646
1860,5,181.98391608391566
1860,6,181.16293706293666
1860,7,180.29580419580378
1860,8,179.49230769230726
1860,9,178.42167832167792
1860,10,176.88601398601355
1860,11,174.8160839160835
1860,12,172.03216783216737
1861,1,168.59930069930024
1861,2,164.71188811188765
1861,3,160.7538461538457
1861,4,157.00559440559394
1861,5,153.40419580419535
1861,6,149.6671328671324
1861,7,145.77412587412542
1861,8,142.01188811188769
1861,9,138.42167832167792
1861,10,135.2930069930066
1861,11,132.5601398601395
1861,12,129.9804195804192
1862,1,127.43636363636327
1862,2,125.04265734265698
1862,3,122.8447552447549
1862,4,120.6118881118878
1862,5,118.09860139860108
1862,6,115.76923076923046
1862,7,114.0188811188808
1862,8,112.36993006992975
1862,9,110.64755244755212
1862,10,108.58671328671294
1862,11,105.87552447552414
1862,12,102.76923076923045
1863,1,99.13076923076892
1863,2,95.06923076923049
1863,3,91.04965034965007
1863,4,87.6692307692305
1863,5,85.39370629370603
1863,6,83.99860139860117
1863,7,83.10349650349632
1863,8,82.55454545454528
1863,9,82.5776223776222
1863,10,82.98531468531453
1863,11,83.44615384615368
1863,12,84.12727272727257
1864,1,85.10489510489495
1864,2,86.34265734265718
1864,3,87.71258741258724
1864,4,88.82587412587395
1864,5,89.34125874125856
1864,6,89.10349650349632
1864,7,88.22937062937042
1864,8,86.91258741258719
1864,9,85.04405594405571
1864,10,82.71888111888087
1864,11,80.13566433566409
1864,12,77.48111888111862
1865,1,74.74335664335639
1865,2,71.73356643356618
1865,3,68.67972027972003
1865,4,65.6454545454543
1865,5,62.70699300699278
1865,6,60.15594405594383
1865,7,57.84055944055923
1865,8,55.55664335664314
1865,9,53.164335664335454
1865,10,50.68321678321657
1865,11,48.28041958041938
1865,12,45.83426573426554
1866,1,43.33426573426555
1866,2,40.92447552447534
1866,3,38.43846153846134
1866,4,35.73776223776205
1866,5,32.85944055944038
1866,6,29.89650349650332
1866,7,26.816083916083752
1866,8,23.713986013985863
1866,9,20.55174825174811
1866,10,17.415384615384486
1866,11,14.699999999999887
1866,12,12.487412587412496
1867,1,10.930069930069864
1867,2,10.198601398601358
1867,3,9.983216783216763
1867,4,10.155244755244755
1867,5,10.8797202797203
1867,6,12.250349650349687
1867,7,14.17972027972033
1867,8,16.624475524475585
1867,9,19.4293706293707
1867,10,22.483216783216868
1867,11,25.759440559440655
1867,12,29.27482517482528
1868,1,33.22657342657354
1868,2,37.70699300699312
1868,3,42.71818181818193
1868,4,48.27272727272738
1868,5,53.837762237762334
1868,6,59.05804195804206
1868,7,64.495104895105
1868,8,70.32797202797214
1868,9,76.28111888111897
1868,10,82.51538461538468
1868,11,88.88671328671334
1868,12,94.9741258741259
1869,1,100.72657342657344
1869,2,105.98881118881118
1869,3,110.44195804195803
1869,4,114.15174825174827
1869,5,117.56433566433569
1869,6,121.91188811188813
1869,7,127.89020979020982
1869,8,135.09580419580422
1869,9,143.5769230769231
1869,10,153.28531468531472
1869,11,163.60839160839166
1869,12,174.37972027972032
1870,1,185.50419580419583
1870,2,196.04615384615386
1870,3,205.28811188811184
1870,4,213.28671328671317
1870,5,220.5041958041956
1870,6,227.01538461538433
1870,7,231.68741258741227
1870,8,234.08111888111847
1870,9,234.59440559440512
1870,10,233.19160839160787
1870,11,230.07202797202743
1870,12,225.8440559440553
1871,1,220.56643356643295
1871,2,214.3048951048945
1871,3,207.95384615384555
1871,4,202.00979020978957
1871,5,196.43216783216718
1871,6,190.85664335664273
1871,7,185.173426573426
1871,8,180.08881118881067
1871,9,175.67202797202748
1871,10,171.80979020978975
1871,11,168.71538461538418
1871,12,166.505594405594
1872,1,165.0825174825171
1872,2,164.63286713286675
1872,3,165.41258741258704
1872,4,167.03216783216752
1872,5,168.91888111888076
1872,6,170.3342657342654
1872,7,170.84265734265693
1872,8,170.14965034964993
1872,9,168.05524475524433
1872,10,164.81468531468485
1872,11,160.59580419580368
1872,12,155.25104895104843
1873,1,148.7188811188806
1873,2,141.53636363636312
1873,3,134.2475524475519
1873,4,127.26713286713235
1873,5,120.66223776223728
1873,6,114.15734265734218
1873,7,107.71678321678279
1873,8,101.70629370629331
1873,9,96.85874125874092
1873,10,93.11538461538429
1873,11,90.13146853146824
1873,12,87.72237762237734
1874,1,85.82097902097873
1874,2,84.49370629370601
1874,3,83.14265734265706
1874,4,81.07202797202771
1874,5,78.18531468531442
1874,6,74.73986013985987
1874,7,71.14895104895078
1874,8,67.65874125874099
1874,9,64.03846153846126
1874,10,60.10839160839132
1874,11,55.958741258740986
1874,12,51.78041958041932
1875,1,47.67342657342633
1875,2,43.587412587412366
1875,3,39.421678321678115
1875,4,35.581818181817994
1875,5,32.51258741258722
1875,6,30.168531468531302
1875,7,28.474825174825025
1875,8,27.148251748251617
1875,9,25.748951048950932
1875,10,24.26993006992997
1875,11,22.941258741258654
1875,12,21.79720279720271
1876,1,20.703496503496428
1876,2,19.791608391608325
1876,3,19.38671328671322
1876,4,19.309090909090852
1876,5,19.15804195804191
1876,6,18.983216783216747
1876,7,18.961538461538428
1876,8,19.091608391608357
1876,9,19.266433566433538
1876,10,19.54545454545451
1876,11,20.009090909090872
1876,12,20.478321678321645
1877,1,20.99930069930066
1877,2,21.503496503496454
1877,3,21.79160839160835
1877,4,21.63216783216778
1877,5,21.05524475524469
1877,6,20.255244755244682
1877,7,19.323776223776147
1877,8,18.18531468531461
1877,9,16.82097902097894
1877,10,15.381118881118802
1877,11,13.917482517482437
1877,12,12.48671328671321
1878,1,11.19020979020972
1878,2,9.929370629370565
1878,3,8.756643356643295
1878,4,7.758041958041903
1878,5,6.883216783216736
1878,6,6.098601398601357
1878,7,5.345454545454509
1878,8,4.656643356643329
1878,9,4.209790209790191
1878,10,3.9769230769230663
1878,11,3.926573426573424
1878,12,4.100699300699304
1879,1,4.433566433566446
1879,2,4.939860139860162
1879,3,5.750349650349684
1879,4,6.925174825174867
1879,5,8.478321678321729
1879,6,10.318881118881176
1879,7,12.409090909090972
1879,8,14.713986013986082
1879,9,17.097902097902175
1879,10,19.77062937062946
1879,11,23.050349650349744
1879,12,26.85594405594415
1880,1,30.937062937063025
1880,2,35.125874125874205
1880,3,39.35454545454553
1880,4,43.56993006993014
1880,5,47.709090909090975
1880,6,51.679720279720335
1880,7,55.28811188811194
1880,8,58.65314685314689
1880,9,62.172027972028
1880,10,65.93566433566434
1880,11,69.72587412587411
1880,12,73.36223776223774
1881,1,76.85104895104892
1881,2,80.00699300699297
1881,3,82.67272727272722
1881,4,84.85384615384609
1881,5,86.80979020979014
1881,6,88.99300699300692
1881,7,91.4993006993006
1881,8,94.35244755244742
1881,9,97.10069930069916
1881,10,99.02937062937048
1881,11,99.91398601398585
1881,12,100.19160839160821
1882,1,100.14685314685296
1882,2,99.85804195804178
1882,3,99.5174825174823
1882,4,98.97202797202776
1882,5,98.55664335664314
1882,6,98.29790209790187
1882,7,97.72657342657322
1882,8,96.93636363636345
1882,9,96.11678321678303
1882,10,95.25944055944038
1882,11,94.4776223776222
1882,12,94.0965034965033
1883,1,94.24895104895089
1883,2,95.18251748251734
1883,3,96.95174825174813
1883,4,99.55804195804187
1883,5,102.76853146853139
1883,6,106.11398601398591
1883,7,109.74965034965022
1883,8,113.53146853146839
1883,9,116.91258741258727
1883,10,119.74125874125859
1883,11,122.08881118881098
1883,12,123.38461538461515
1884,1,123.31118881118856
1884,2,121.91258741258711
1884,3,119.32937062937029
1884,4,116.1475524475521
1884,5,112.15664335664302
1884,6,107.56223776223743
1884,7,102.98601398601369
1884,8,98.65384615384586
1884,9,95.23006993006965
1884,10,93.23636363636336
1884,11,92.38811188811164
1884,12,92.2335664335662
1885,1,92.51468531468508
1885,2,92.9286713286711
1885,3,92.93216783216762
1885,4,92.1195804195802
1885,5,90.53356643356621
1885,6,88.43776223776196
1885,7,86.01608391608364
1885,8,83.28321678321649
1885,9,80.1069930069927
1885,10,76.34825174825144
1885,11,72.19650349650321
1885,12,67.75664335664307
1886,1,63.12587412587384
1886,2,58.509090909090645
1886,3,54.0664335664333
1886,4,50.04475524475498
1886,5,46.52027972027946
1886,6,43.21958041958018
1886,7,39.83566433566412
1886,8,36.26223776223757
1886,9,32.77342657342639
1886,10,29.603496503496338
1886,11,26.73496503496489
1886,12,24.09020979020966
1887,1,22.003496503496393
1887,2,20.77482517482508
1887,3,20.440559440559362
1887,4,20.598601398601335
1887,5,20.832167832167777
1887,6,21.115384615384563
1887,7,21.413986013985962
1887,8,21.605594405594342
1887,9,21.493006993006926
1887,10,20.906993006992938
1887,11,19.802797202797134
1887,12,18.450349650349576
1888,1,17.127272727272654
1888,2,15.776923076923001
1888,3,14.36503496503489
1888,4,13.056643356643285
1888,5,12.041258741258677
1888,6,11.297202797202742
1888,7,10.716783216783169
1888,8,10.15454545454542
1888,9,9.59860139860137
1888,10,9.288811188811165
1888,11,9.323776223776203
1888,12,9.665034965034945
1889,1,10.097202797202781
1889,2,10.458741258741242
1889,3,10.78951048951047
1889,4,11.04755244755243
1889,5,11.15174825174823
1889,6,11.08251748251746
1889,7,10.776223776223752
1889,8,10.346853146853116
1889,9,9.950349650349619
1889,10,9.552447552447525
1889,11,9.209790209790187
1889,12,8.972727272727257
1890,1,8.857342657342645
1890,2,8.880419580419574
1890,3,9.147552447552451
1890,4,9.648251748251758
1890,5,10.265734265734284
1890,6,11.044055944055978
1890,7,12.163636363636419
1890,8,13.990209790209866
1890,9,16.49510489510498
1890,10,19.533566433566527
1890,11,23.304895104895206
1890,12,27.81888111888123
1891,1,32.71118881118893
1891,2,37.639160839160965
1891,3,42.86643356643369
1891,4,48.2678321678323
1891,5,53.62797202797216
1891,6,59.09790209790221
1891,7,64.88741258741268
1891,8,70.76363636363645
1891,9,76.64825174825182
1891,10,82.67132867132871
1891,11,88.55524475524479
1891,12,93.95034965034966
1892,1,98.76713286713289
1892,2,103.31048951048948
1892,3,107.57202797202791
1892,4,111.29300699300691
1892,5,114.611888111888
1892,6,117.632867132867
1892,7,120.22517482517469
1892,8,122.1307692307691
1892,9,123.83496503496488
1892,10,125.70559440559424
1892,11,127.42587412587396
1892,12,129.03566433566417
1893,1,130.9083916083914
1893,2,133.10419580419563
1893,3,135.32517482517463
1893,4,137.47412587412566
1893,5,139.35174825174803
1893,6,140.77762237762215
1893,7,141.75804195804173
1893,8,142.74405594405573
1893,9,143.80069930069902
1893,10,144.38181818181792
1893,11,144.45804195804166
1893,12,144.14895104895075
1894,1,143.43706293706262
1894,2,142.18531468531432
1894,3,140.34475524475488
1894,4,137.90769230769197
1894,5,135.17972027971993
1894,6,132.50139860139822
1894,7,130.22237762237725
1894,8,128.2608391608388
1894,9,125.90279720279685
1894,10,122.99090909090874
1894,11,120.06993006992971
1894,12,117.2083916083913
1895,1,114.49370629370598
1895,2,111.9048951048948
1895,3,109.27762237762207
1895,4,107.0888111888109
1895,5,105.71468531468501
1895,6,104.65104895104865
1895,7,103.2895104895102
1895,8,101.36083916083888
1895,9,98.73916083916056
1895,10,95.77832167832139
1895,11,92.61468531468502
1895,12,89.22727272727242
1896,1,85.86713286713255
1896,2,82.61958041958015
1896,3,79.69090909090883
1896,4,77.1692307692305
1896,5,74.86643356643332
1896,6,72.67342657342633
1896,7,70.45454545454521
1896,8,68.20279720279697
1896,9,65.81328671328649
1896,10,63.44405594405573
1896,11,61.21328671328649
1896,12,58.85664335664314
1897,1,56.279720279720074
1897,2,53.67832167832148
1897,3,51.20489510489492
1897,4,48.934965034964854
1897,5,47.03216783216768
1897,6,45.509090909090766
1897,7,44.437062937062805
1897,8,43.586713286713156
1897,9,43.076223776223664
1897,10,42.87552447552437
1897,11,42.75524475524466
1897,12,42.874125874125795
1898,1,43.23566433566426
1898,2,43.668531468531384
1898,3,44.066433566433474
1898,4,44.28391608391597
1898,5,44.091608391608275
1898,6,43.4160839160838
1898,7,42.394405594405484
1898,8,41.13636363636351
1898,9,39.74825174825161
1898,10,38.0405594405593
1898,11,36.04545454545439
1898,12,34.12027972027957
1899,1,32.19160839160824
1899,2,30.141958041957906
1899,3,28.005594405594277
1899,4,25.737762237762116
1899,5,23.461538461538353
1899,6,21.46083916083906
1899,7,19.874825174825084
1899,8,18.939160839160756
1899,9,18.52447552447546
1899,10,18.344755244755188
1899,11,18.304895104895053
1899,12,18.28951048951044
1900,1,18.245454545454493
1900,2,18.14545454545449
1900,3,17.890209790209738
1900,4,17.489510489510426
1900,5,16.851048951048888
1900,6,16.065734265734196
1900,7,15.13636363636357
1900,8,13.979720279720212
1900,9,12.690209790209725
1900,10,11.413286713286647
1900,11,10.182517482517419
1900,12,9.036363636363577
1901,1,7.955244755244703
1901,2,7.0104895104894664
1901,3,6.200699300699264
1901,4,5.592307692307663
1901,5,5.258741258741234
1901,6,5.113286713286691
1901,7,5.095804195804175
1901,8,5.121678321678304
1901,9,5.14545454545453
1901,10,5.124475524475517
1901,11,5.053846153846152
1901,12,5.039160839160839
1902,1,5.151048951048953
1902,2,5.334265734265737
1902,3,5.656643356643364
1902,4,6.14755244755246
1902,5,6.872727272727294
1902,6,7.881118881118909
1902,7,8.988111888111925
1902,8,10.18741258741263
1902,9,11.702797202797251
1902,10,13.537762237762287
1902,11,15.538461538461593
1902,12,17.713286713286777
1903,1,20.207692307692387
1903,2,23.162237762237837
1903,3,26.47902097902105
1903,4,29.91048951048958
1903,5,33.37272727272734
1903,6,36.84965034965041
1903,7,40.20979020979026
1903,8,43.49790209790214
1903,9,46.864335664335705
1903,10,50.17692307692311
1903,11,53.34265734265736
1903,12,56.40629370629372
1904,1,59.32727272727272
1904,2,61.9125874125874
1904,3,64.22167832167831
1904,4,66.77762237762236
1904,5,69.5181818181818
1904,6,72.19090909090905
1904,7,74.71888111888106
1904,8,77.1790209790209
1904,9,79.61538461538454
1904,10,81.9601398601398
1904,11,84.04615384615379
1904,12,86.05804195804191
1905,1,88.32307692307685
1905,2,90.93216783216775
1905,3,93.80559440559429
1905,4,96.48811188811176
1905,5,98.63846153846139
1905,6,100.15874125874112
1905,7,101.00279720279707
1905,8,101.56853146853132
1905,9,101.9622377622376
1905,10,102.33426573426554
1905,11,102.96293706293685
1905,12,103.49160839160815
1906,1,103.48741258741235
1906,2,102.56643356643335
1906,3,100.98251748251728
1906,4,99.3783216783215
1906,5,98.1860139860138
1906,6,97.53146853146835
1906,7,97.54265734265711
1906,8,98.08111888111866
1906,9,98.60209790209768
1906,10,99.05104895104876
1906,11,99.41188811188795
1906,12,99.24405594405579
1907,1,98.75174825174808
1907,2,98.51118881118862
1907,3,98.82587412587388
1907,4,99.07062937062912
1907,5,98.72447552447528
1907,6,97.90699300699275
1907,7,96.60629370629347
1907,8,94.19999999999976
1907,9,90.76713286713263
1907,10,87.60279720279695
1907,11,85.44895104895082
1907,12,84.45944055944031
1908,1,84.32727272727251
1908,2,84.65314685314667
1908,3,84.75104895104877
1908,4,84.5713286713285
1908,5,84.61958041958025
1908,6,84.846853146853
1908,7,85.10069930069913
1908,8,85.41048951048931
1908,9,85.95874125874104
1908,10,86.04965034965012
1908,11,84.97762237762217
1908,12,82.83216783216763
1909,1,80.13776223776203
1909,2,77.33566433566412
1909,3,74.7272727272725
1909,4,72.69090909090885
1909,5,70.89020979020955
1909,6,69.05734265734242
1909,7,67.33146853146832
1909,8,65.79370629370607
1909,9,63.95524475524454
1909,10,61.147552447552236
1909,11,58.074125874125656
1909,12,55.327272727272494
1910,1,52.74685314685291
1910,2,50.02167832167809
1910,3,46.99790209790187
1910,4,43.43846153846132
1910,5,39.38181818181798
1910,6,35.33566433566415
1910,7,31.541958041957862
1910,8,28.111188811188647
1910,9,25.241258741258584
1910,10,23.247552447552298
1910,11,21.913286713286578
1910,12,20.676923076922957
1911,1,19.2090909090908
1911,2,17.522377622377522
1911,3,15.683916083915994
1911,4,13.72937062937054
1911,5,11.923076923076838
1911,6,10.325174825174749
1911,7,8.896503496503428
1911,8,7.788811188811128
1911,9,7.041958041957993
1911,10,6.570629370629335
1911,11,6.10909090909088
1911,12,5.6188811188810925
1912,1,5.289510489510468
1912,2,5.148251748251731
1912,3,5.2132867132867
1912,4,5.470629370629361
1912,5,5.7692307692307585
1912,6,5.966433566433554
1912,7,6.071328671328657
1912,8,6.070629370629355
1912,9,5.952447552447536
1912,10,5.73076923076921
1912,11,5.4041958041957825
1912,12,4.956643356643335
1913,1,4.428671328671306
1913,2,3.907692307692285
1913,3,3.4727272727272527
1913,4,3.0398601398601257
1913,5,2.669230769230762
1913,6,2.477622377622377
1913,7,2.5076923076923134
1913,8,2.811888111888122
1913,9,3.3797202797202957
1913,10,4.173426573426593
1913,11,5.088811188811214
1913,12,6.0972027972028275
1914,1,7.2000000000000375
1914,2,8.325174825174871
1914,3,9.501398601398659
1914,4,10.955244755244822
1914,5,12.94475524475532
1914,6,15.336363636363721
1914,7,18.03846153846164
1914,8,21.315384615384737
1914,9,25.48391608391622
1914,10,30.61608391608407
1914,11,36.51958041958058
1914,12,43.09720279720295
1915,1,49.9692307692309
1915,2,56.6958041958043
1915,3,63.04545454545463
1915,4,68.8321678321679
1915,5,73.78181818181822
1915,6,77.90559440559444
1915,7,81.6041958041958
1915,8,85.15174825174822
1915,9,88.35734265734257
1915,10,90.8153846153845
1915,11,92.41468531468517
1915,12,93.29790209790197
1916,1,93.49230769230756
1916,2,93.2412587412586
1916,3,92.80769230769216
1916,4,92.51818181818169
1916,5,92.71468531468517
1916,6,93.67832167832155
1916,7,95.64265734265727
1916,8,98.14545454545447
1916,9,101.19440559440558
1916,10,105.64825174825175
1916,11,111.64475524475529
1916,12,118.50979020979022
1917,1,126.2748251748252
1917,2,135.20489510489512
1917,3,144.8146853146853
1917,4,154.06993006993002
1917,5,162.1272727272726
1917,6,168.53006993006977
1917,7,172.57622377622354
1917,8,174.04055944055915
1917,9,173.82867132867096
1917,10,172.16153846153807
1917,11,168.8153846153842
1917,12,164.44405594405546
1918,1,159.9832167832163
1918,2,155.32167832167784
1918,3,150.29999999999953
1918,4,145.41678321678276
1918,5,141.00839160839115
1918,6,136.912587412587
1918,7,133.44685314685276
1918,8,131.28741258741223
1918,9,129.94685314685282
1918,10,128.68041958041923
1918,11,127.75664335664301
1918,12,127.32307692307657
1919,1,126.27132867132835
1919,2,124.00419580419546
1919,3,120.96573426573393
1919,4,117.7230769230766
1919,5,114.34755244755209
1919,6,110.87202797202761
1919,7,107.7790209790206
1919,8,104.75944055944016
1919,9,101.05314685314647
1919,10,96.52937062937025
1919,11,91.45174825174789
1919,12,85.89510489510455
1920,1,80.08811188811156
1920,2,74.7181818181815
1920,3,70.15244755244726
1920,4,66.31118881118852
1920,5,63.30349650349624
1920,6,61.08181818181795
1920,7,59.03776223776203
1920,8,57.048951048950876
1920,9,55.33006993006977
1920,10,53.927272727272566
1920,11,52.84265734265718
1920,12,51.88601398601383
1921,1,51.15734265734249
1921,2,50.526573426573265
1921,3,49.509790209790076
1921,4,48.030769230769096
1921,5,46.55524475524462
1921,6,45.28111888111875
1921,7,44.01678321678307
1921,8,42.7580419580418
1921,9,41.57622377622363
1921,10,40.33496503496489
1921,11,38.69999999999985
1921,12,36.61538461538447
1922,1,34.28951048951035
1922,2,31.815384615384474
1922,3,29.430069930069777
1922,4,27.311188811188657
1922,5,25.216083916083765
1922,6,23.04615384615371
1922,7,20.918181818181697
1922,8,18.76223776223765
1922,9,16.504895104895002
1922,10,14.311188811188723
1922,11,12.379720279720203
1922,12,10.9678321678321
1923,1,10.204195804195743
1923,2,10.00979020979016
1923,3,10.262237762237726
1923,4,10.395804195804168
1923,5,10.181118881118861
1923,6,9.88251748251747
1923,7,9.680419580419576
1923,8,9.680419580419587
1923,9,9.968531468531484
1923,10,10.714685314685335
1923,11,12.032167832167861
1923,12,13.91748251748255
1924,1,16.176923076923117
1924,2,18.50419580419584
1924,3,20.797902097902135
1924,4,22.966433566433608
1924,5,24.88881118881123
1924,6,26.66853146853151
1924,7,28.499300699300733
1924,8,30.492307692307723
1924,9,32.59020979020982
1924,10,34.71538461538465
1924,11,37.040559440559484
1924,12,39.50209790209796
1925,1,42.261538461538535
1925,2,45.805594405594505
1925,3,50.31468531468543
1925,4,55.970629370629474
1925,5,62.563636363636455
1925,6,69.6062937062938
1925,7,76.8188811188812
1925,8,83.7489510489511
1925,9,89.9636363636364
1925,10,95.31468531468533
1925,11,99.61468531468529
1925,12,102.74265734265727
1926,1,104.84335664335653
1926,2,106.19160839160824
1926,3,107.07202797202781
1926,4,107.62657342657326
1926,5,108.00139860139846
1926,6,108.71048951048937
1926,7,109.89930069930054
1926,8,111.42797202797186
1926,9,113.23496503496486
1926,10,115.23426573426555
1926,11,117.16573426573407
1926,12,119.04405594405574
1927,1,120.38391608391586
1927,2,120.77972027972005
1927,3,120.37342657342633
1927,4,119.23916083916058
1927,5,118.00769230769204
1927,6,116.8664335664333
1927,7,115.49510489510467
1927,8,114.24055944055922
1927,9,113.6020979020977
1927,10,113.98461538461521
1927,11,115.54125874125856
1927,12,117.92867132867116
1928,1,120.67202797202779
1928,2,123.51328671328655
1928,3,126.20839160839141
1928,4,128.45734265734242
1928,5,129.76923076923055
1928,6,129.57622377622351
1928,7,128.11678321678292
1928,8,125.86153846153815
1928,9,123.30629370629336
1928,10,120.47272727272691
1928,11,116.87202797202764
1928,12,112.48181818181784
1929,1,108.38391608391579
1929,2,105.51398601398574
1929,3,103.83006993006967
1929,4,103.06223776223752
1929,5,102.88531468531446
1929,6,103.27132867132842
1929,7,104.06013986013961
1929,8,104.63146853146826
1929,9,104.28671328671302
1929,10,102.41048951048923
1929,11,99.06013986013957
1929,12,95.1160839160836
1930,1,91.0601398601395
1930,2,86.4510489510486
1930,3,81.01328671328633
1930,4,75.20699300699265
1930,5,69.58321678321646
1930,6,64.53076923076893
1930,7,60.018181818181546
1930,8,55.89580419580395
1930,9,52.206993006992775
1930,10,49.37622377622356
1930,11,47.6999999999998
1930,12,46.7867132867131
1931,1,45.77482517482501
1931,2,44.291608391608236
1931,3,42.57202797202781
1931,4,40.71188811188795
1931,5,38.67692307692292
1931,6,36.327972027971875
1931,7,33.83496503496488
1931,8,31.511188811188674
1931,9,29.525174825174698
1931,10,27.81118881118869
1931,11,26.257342657342544
1931,12,24.835664335664234
1932,1,23.55034965034955
1932,2,22.535664335664247
1932,3,21.74405594405587
1932,4,21.097202797202733
1932,5,20.57692307692301
1932,6,20.093006993006924
1932,7,19.694405594405524
1932,8,19.29020979020972
1932,9,18.76083916083909
1932,10,18.03986013986007
1932,11,17.212587412587347
1932,12,16.311188811188746
1933,1,15.22517482517476
1933,2,14.01048951048944
1933,3,12.830769230769157
1933,4,11.68181818181811
1933,5,10.509090909090853
1933,6,9.440559440559394
1933,7,8.534265734265698
1933,8,7.7678321678321405
1933,9,7.2993006993006775
1933,10,7.2363636363636195
1933,11,7.5370629370629265
1933,12,8.09160839160839
1934,1,8.830069930069937
1934,2,9.748251748251766
1934,3,10.713286713286738
1934,4,11.700000000000026
1934,5,12.824475524475549
1934,6,13.991608391608418
1934,7,15.24685314685318
1934,8,16.774825174825217
1934,9,18.620279720279772
1934,10,20.650349650349714
1934,11,22.860839160839234
1934,12,25.482517482517576
1935,1,28.807692307692413
1935,2,32.889510489510606
1935,3,37.69020979020993
1935,4,43.23076923076937
1935,5,49.53146853146867
1935,6,56.384615384615515
1935,7,63.608391608391734
1935,8,70.77202797202808
1935,9,77.44125874125885
1935,10,83.65104895104903
1935,11,89.36293706293714
1935,12,94.61538461538467
1936,1,99.57762237762243
1936,2,104.47972027972031
1936,3,109.94265734265738
1936,4,116.05664335664336
1936,5,122.51258741258741
1936,6,129.172027972028
1936,7,135.67482517482517
1936,8,142.0916083916084
1936,9,149.07132867132867
1936,10,156.54965034965034
1936,11,164.35034965034959
1936,12,172.29160839160826
1937,1,179.69860139860123
1937,2,186.10559440559422
1937,3,191.10209790209763
1937,4,194.1566433566431
1937,5,194.87622377622344
1937,6,193.8825174825171
1937,7,191.5594405594402
1937,8,188.7153846153842
1937,9,186.3328671328667
1937,10,184.4608391608387
1937,11,183.09300699300655
1937,12,182.1090909090905
1938,1,181.53986013985974
1938,2,181.33846153846116
1938,3,181.1349650349646
1938,4,180.612587412587
1938,5,179.74895104895066
1938,6,178.8153846153842
1938,7,177.991608391608
1938,8,177.15174825174788
1938,9,175.65454545454506
1938,10,173.47902097902056
1938,11,171.0937062937059
1938,12,169.01398601398557
1939,1,167.31468531468488
1939,2,165.39090909090868
1939,3,162.5958041958038
1939,4,159.1517482517478
1939,5,155.9517482517478
1939,6,152.72447552447508
1939,7,149.34195804195758
1939,8,145.3531468531464
1939,9,140.7237762237758
1939,10,136.50769230769185
1939,11,132.78531468531426
1939,12,128.8895104895101
1940,1,124.677622377622
1940,2,120.66713286713251
1940,3,117.27762237762204
1940,4,114.99300699300665
1940,5,113.55804195804163
1940,6,112.01608391608359
1940,7,110.10699300699268
1940,8,108.12587412587382
1940,9,106.13916083916054
1940,10,103.75944055944024
1940,11,100.78251748251718
1940,12,97.46433566433537
1941,1,94.23496503496473
1941,2,91.21258741258713
1941,3,88.42517482517455
1941,4,85.80699300699277
1941,5,83.5293706293704
1941,6,82.16153846153824
1941,7,81.59370629370608
1941,8,81.45174825174801
1941,9,81.16573426573402
1941,10,80.23706293706269
1941,11,78.5440559440557
1941,12,75.98041958041932
1942,1,72.51398601398576
1942,2,68.20279720279694
1942,3,63.44335664335638
1942,4,58.65384615384587
1942,5,54.28391608391581
1942,6,50.61958041958017
1942,7,47.47832167832145
1942,8,44.58111888111868
1942,9,41.956643356643184
1942,10,39.52937062937047
1942,11,37.24895104895089
1942,12,35.249650349650196
1943,1,33.639860139860005
1943,2,32.51818181818168
1943,3,31.68951048951036
1943,4,30.85244755244743
1943,5,29.636363636363512
1943,6,27.789510489510363
1943,7,25.574825174825047
1943,8,23.176223776223654
1943,9,20.737062937062824
1943,10,18.434265734265633
1943,11,16.44825174825166
1943,12,14.808391608391533
1944,1,13.579720279720219
1944,2,13.027972027971984
1944,3,13.097202797202772
1944,4,13.538461538461533
1944,5,14.256643356643368
1944,6,15.270629370629399
1944,7,16.727972027972072
1944,8,18.798601398601452
1944,9,21.46153846153852
1944,10,24.327972027972095
1944,11,27.46293706293714
1944,12,31.19300699300707
1945,1,35.27062937062944
1945,2,39.107692307692396
1945,3,42.75454545454554
1945,4,46.52027972027982
1945,5,50.59300699300709
1945,6,55.19860139860149
1945,7,60.26503496503508
1945,8,65.77482517482528
1945,9,71.90909090909102
1945,10,78.75034965034978
1945,11,86.29230769230782
1945,12,94.2755244755246
1946,1,102.55874125874139
1946,2,111.10559440559452
1946,3,120.0790209790211
1946,4,129.2216783216784
1946,5,137.88321678321682
1946,6,146.01678321678327
1946,7,154.00000000000003
1946,8,161.7713286713287
1946,9,169.36083916083913
1946,10,176.9286713286713
1946,11,184.36503496503485
1946,12,191.64545454545444
1947,1,198.7846153846152
1947,2,205.5195804195802
1947,3,211.08321678321653
1947,4,214.31958041958012
1947,5,215.3559440559437
1947,6,215.0944055944052
1947,7,214.08181818181777
1947,8,212.40419580419535
1947,9,210.20279720279672
1947,10,208.04055944055895
1947,11,206.32727272727223
1947,12,204.661538461538
1948,1,202.6237762237757
1948,2,200.22867132867088
1948,3,197.6349650349646
1948,4,195.76013986013947
1948,5,195.67272727272686
1948,6,196.94335664335622
1948,7,198.57552447552405
1948,8,200.34125874125832
1948,9,201.68811188811148
1948,10,202.13496503496464
1948,11,201.34405594405553
1948,12,199.33776223776184
1949,1,196.7181818181814
1949,2,193.97622377622335
1949,3,191.72937062937015
1949,4,190.4041958041953
1949,5,189.37902097902048
1949,6,187.88391608391566
1949,7,185.75244755244708
1949,8,182.96783216783172
1949,9,179.6776223776219
1949,10,175.78601398601347
1949,11,171.18181818181765
1949,12,166.20139860139804
1950,1,160.8426573426568
1950,2,154.98321678321625
1950,3,148.49300699300645
1950,4,141.0545454545449
1950,5,132.87272727272676
1950,6,124.6783216783212
1950,7,117.4391608391604
1950,8,111.63076923076879
1950,9,107.21048951048913
1950,10,104.00069930069897
1950,11,101.95174825174794
1950,12,100.74125874125846
1951,1,100.0615384615382
1951,2,99.90349650349627
1951,3,100.07132867132844
1951,4,100.08881118881092
1951,5,99.63076923076895
1951,6,98.44545454545424
1951,7,96.21188811188779
1951,8,92.56713286713254
1951,9,87.62867132867099
1951,10,82.05874125874092
1951,11,76.16503496503464
1951,12,70.08181818181785
1952,1,64.2132867132864
1952,2,58.99930069930039
1952,3,54.60069930069903
1952,4,51.07692307692283
1952,5,48.400699300699095
1952,6,46.1881118881117
1952,7,44.11888111888093
1952,8,42.30069930069913
1952,9,40.83986013985997
1952,10,39.40419580419565
1952,11,37.80489510489496
1952,12,36.07132867132852
1953,1,34.174825174825024
1953,2,31.984615384615232
1953,3,29.38461538461524
1953,4,26.674125874125732
1953,5,24.134965034964896
1953,6,21.852447552447416
1953,7,19.799999999999876
1953,8,17.86433566433555
1953,9,15.979720279720171
1953,10,14.139160839160738
1953,11,12.388811188811099
1953,12,10.7762237762237
1954,1,9.23986013986008
1954,2,7.688811188811143
1954,3,6.569230769230736
1954,4,6.212587412587392
1954,5,6.3090909090909015
1954,6,6.698601398601407
1954,7,7.523776223776247
1954,8,8.825174825174864
1954,9,10.538461538461592
1954,10,12.451048951049021
1954,11,14.458041958042044
1954,12,16.829370629370736
1955,1,19.984615384615513
1955,2,23.904195804195943
1955,3,28.614685314685484
1955,4,34.2986013986016
1955,5,40.96223776223798
1955,6,48.85244755244779
1955,7,58.041958041958296
1955,8,68.05804195804221
1955,9,78.64195804195832
1955,10,89.97412587412616
1955,11,101.99020979021007
1955,12,114.53076923076951
1956,1,127.67202797202823
1956,2,141.3377622377625
1956,3,155.0839160839163
1956,4,168.27342657342672
1956,5,180.64475524475534
1956,6,191.79090909090914
1956,7,201.3412587412588
1956,8,209.70839160839154
1956,9,216.9006993006992
1956,10,222.71048951048937
1956,11,227.89090909090893
1956,12,232.96503496503476
1957,1,238.23986013985987
1957,2,244.1608391608389
1957,3,250.1755244755242
1957,4,255.77972027972
1957,5,261.22937062937035
1957,6,266.47272727272696
1957,7,271.34825174825136
1957,8,275.6041958041954
1957,9,278.8552447552443
1957,10,281.38951048951003
1957,11,283.6594405594401
1957,12,285.010489510489
1958,1,284.57412587412534
1958,2,282.6426573426567
1958,3,279.72097902097835
1958,4,276.26783216783144
1958,5,272.60909090909024
1958,6,268.843356643356
1958,7,265.19999999999936
1958,8,261.6762237762231
1958,9,259.11398601398537
1958,10,257.92797202797135
1958,11,256.8601398601392
1958,12,255.17132867132807
1959,1,252.65874125874063
1959,2,249.23356643356578
1959,3,245.14265734265666
1959,4,240.29230769230705
1959,5,234.46503496503425
1959,6,227.93916083916014
1959,7,221.07342657342588
1959,8,214.02727272727205
1959,9,207.10419580419511
1959,10,200.42307692307622
1959,11,193.9139860139854
1959,12,187.92517482517422
1960,1,182.85034965034907
1960,2,178.24195804195745
1960,3,173.7062937062931
1960,4,169.0272727272722
1960,5,164.0517482517477
1960,6,158.6636363636358
1960,7,152.60699300699247
1960,8,146.33846153846102
1960,9,139.75244755244702
1960,10,132.64405594405542
1960,11,125.45734265734212
1960,12,118.4125874125869
1961,1,111.55244755244706
1961,2,104.59090909090861
1961,3,97.59510489510446
1961,4,91.23986013985974
1961,5,85.72587412587377
1961,6,81.10419580419547
1961,7,77.66783216783186
1961,8,75.36223776223746
1961,9,73.43216783216756
1961,10,71.34125874125849
1961,11,69.15524475524452
1961,12,66.91818181818161
1962,1,64.45454545454525
1962,2,61.81538461538441
1962,3,59.28391608391587
1962,4,56.98741258741238
1962,5,54.77062937062916
1962,6,52.77482517482498
1962,7,51.05874125874109
1962,8,49.2552447552446
1962,9,47.32167832167817
1962,10,45.486013986013845
1962,11,43.9370629370628
1962,12,42.86713286713273
1963,1,42.2265734265733
1963,2,41.907692307692194
1963,3,41.720979020978916
1963,4,41.53566433566423
1963,5,41.31188811188801
1963,6,40.941958041957925
1963,7,40.24335664335651
1963,8,39.10629370629358
1963,9,37.7412587412586
1963,10,36.10769230769216
1963,11,33.952447552447396
1963,12,31.267132867132712
1964,1,28.154545454545303
1964,2,24.9447552447551
1964,3,21.93986013986001
1964,4,19.406993006992888
1964,5,17.41118881118871
1964,6,15.846153846153763
1964,7,14.74685314685308
1964,8,14.264335664335613
1964,9,14.371328671328635
1964,10,14.786013986013963
1964,11,15.334265734265722
1964,12,15.999999999999991
1965,1,16.773426573426566
1965,2,17.7006993006993
1965,3,18.723076923076924
1965,4,19.611888111888113
1965,5,20.414685314685325
1965,6,21.405594405594428
1965,7,22.623776223776257
1965,8,24.17902097902102
1965,9,26.20979020979026
1965,10,28.777622377622432
1965,11,31.926573426573494
1965,12,35.57692307692316
1966,1,39.446853146853236
1966,2,43.5888111888113
1966,3,48.12167832167844
1966,4,53.32867132867146
1966,5,59.43216783216795
1966,6,66.14125874125884
1966,7,73.05804195804205
1966,8,79.82797202797211
1966,9,86.48461538461545
1966,10,92.93986013986019
1966,11,98.79440559440563
1966,12,103.78251748251748
1967,1,108.09650349650349
1967,2,112.20209790209786
1967,3,116.38111888111881
1967,4,120.74335664335655
1967,5,124.70349650349638
1967,6,127.93986013986
1967,7,130.78391608391595
1967,8,133.3433566433565
1967,9,135.60069930069915
1967,10,137.5937062937061
1967,11,139.56363636363616
1967,12,141.7048951048949
1968,1,144.14965034965013
1968,2,146.55944055944033
1968,3,148.38601398601372
1968,4,149.4636363636361
1968,5,150.0314685314683
1968,6,150.56223776223754
1968,7,151.30489510489485
1968,8,152.16363636363607
1968,9,152.92167832167803
1968,10,153.66713286713255
1968,11,154.43076923076893
1968,12,155.02867132867104
1969,1,155.16013986013954
1969,2,154.52377622377588
1969,3,153.4139860139857
1969,4,152.26503496503463
1969,5,151.21888111888077
1969,6,150.3195804195801
1969,7,149.50209790209757
1969,8,148.97482517482484
1969,9,148.82377622377592
1969,10,148.8265734265731
1969,11,148.85804195804167
1969,12,149.01958041958014
1970,1,149.34615384615353
1970,2,149.82587412587378
1970,3,150.4489510489507
1970,4,150.54055944055912
1970,5,149.8454545454542
1970,6,148.3979020979017
1970,7,145.78251748251708
1970,8,142.0258741258737
1970,9,137.45104895104853
1970,10,132.24335664335618
1970,11,126.5629370629366
1970,12,120.57762237762194
1971,1,114.78461538461497
1971,2,109.46433566433527
1971,3,104.5510489510486
1971,4,100.38181818181785
1971,5,97.22727272727244
1971,6,94.78321678321652
1971,7,93.1279720279718
1971,8,92.51678321678301
1971,9,92.8790209790208
1971,10,93.97622377622362
1971,11,95.66223776223761
1971,12,97.76293706293691
1972,1,99.87832167832148
1972,2,101.56153846153828
1972,3,102.48741258741236
1972,4,102.46783216783193
1972,5,101.38881118881093
1972,6,99.45804195804169
1972,7,97.03916083916056
1972,8,94.04125874125843
1972,9,90.10279720279688
1972,10,85.59580419580388
1972,11,81.09650349650317
1972,12,76.71468531468501
1973,1,72.38391608391579
1973,2,68.24685314685286
1973,3,64.41748251748224
1973,4,60.78741258741233
1973,5,57.60349650349626
1973,6,55.00209790209769
1973,7,52.65734265734246
1973,8,50.53566433566417
1973,9,48.806993006992855
1973,10,47.55524475524463
1973,11,46.78321678321666
1973,12,46.509790209790104
1974,1,46.72937062937053
1974,2,47.330069930069826
1974,3,48.127972027971936
1974,4,48.900699300699195
1974,5,49.37482517482506
1974,6,49.2272727272726
1974,7,48.314685314685164
1974,8,46.70979020979006
1974,9,44.760839160839005
1974,10,42.539860139859975
1974,11,39.92517482517466
1974,12,37.09440559440543
1975,1,34.25244755244739
1975,2,31.523776223776064
1975,3,28.93426573426559
1975,4,26.627272727272597
1975,5,24.76853146853136
1975,6,23.326573426573336
1975,7,22.44965034965027
1975,8,22.03076923076915
1975,9,21.92097902097894
1975,10,21.92587412587406
1975,11,21.779020979020913
1975,12,21.46923076923071
1976,1,20.98041958041953
1976,2,20.236363636363585
1976,3,19.440559440559394
1976,4,18.8447552447552
1976,5,18.500699300699257
1976,6,18.358741258741215
1976,7,18.5272727272727
1976,8,19.020979020979006
1976,9,19.55314685314685
1976,10,20.158741258741266
1976,11,21.153846153846168
1976,12,22.48671328671331
1977,1,24.045454545454575
1977,2,25.827272727272767
1977,3,28.055244755244818
1977,4,30.83916083916093
1977,5,34.181818181818294
1977,6,38.36783216783229
1977,7,43.56083916083929
1977,8,49.841258741258876
1977,9,56.61538461538475
1977,10,63.552447552447696
1977,11,70.91048951048965
1977,12,78.51958041958056
1978,1,85.98251748251765
1978,2,93.48461538461554
1978,3,101.3769230769232
1978,4,109.84895104895116
1978,5,118.74335664335672
1978,6,127.56013986013991
1978,7,135.89230769230772
1978,8,143.56223776223777
1978,9,150.59160839160842
1978,10,157.22937062937064
1978,11,163.68111888111883
1978,12,170.05244755244752
1979,1,176.92097902097896
1979,2,184.64755244755233
1979,3,192.84545454545443
1979,4,200.65384615384602
1979,5,207.2440559440558
1979,6,212.67342657342638
1979,7,217.33636363636342
1979,8,221.24895104895077
1979,9,224.5748251748249
1979,10,227.12867132867092
1979,11,228.67272727272686
1979,12,229.45874125874082
1980,1,229.91468531468485
1980,2,229.6999999999995
1980,3,228.15524475524424
1980,4,225.29020979020927
1980,5,221.98671328671276
1980,6,219.30279720279668
1980,7,216.8328671328666
1980,8,213.91608391608335
1980,9,210.92657342657293
1980,10,208.4776223776219
1980,11,206.6762237762233
1980,12,205.48671328671279
1981,1,204.72657342657297
1981,2,203.83916083916037
1981,3,202.61328671328627
1981,4,201.98041958041912
1981,5,202.38461538461496
1981,6,202.78741258741215
1981,7,202.3454545454541
1981,8,201.38181818181775
1981,9,200.24475524475477
1981,10,198.9818181818177
1981,11,197.19090909090858
1981,12,194.39370629370578
1982,1,190.34195804195755
1982,2,185.6258741258736
1982,3,180.88251748251693
1982,4,175.88461538461482
1982,5,169.96363636363583
1982,6,163.01958041957985
1982,7,156.1307692307687
1982,8,150.00559440559388
1982,9,144.54195804195754
1982,10,139.43986013985966
1982,11,134.42517482517437
1982,12,129.63356643356596
1983,1,125.01258741258694
1983,2,120.33356643356599
1983,3,115.21258741258701
1983,4,109.54545454545416
1983,5,103.82167832167795
1983,6,98.87552447552413
1983,7,95.04685314685281
1983,8,92.18251748251716
1983,9,90.10489510489477
1983,10,88.28391608391577
1983,11,86.35384615384586
1983,12,84.05734265734237
1984,1,80.97062937062908
1984,2,77.03846153846123
1984,3,72.85034965034933
1984,4,68.73566433566403
1984,5,64.53076923076891
1984,6,60.05454545454514
1984,7,55.11468531468501
1984,8,49.79999999999971
1984,9,44.3566433566431
1984,10,38.859440559440316
1984,11,33.54685314685292
1984,12,28.901398601398395
1985,1,25.44055944055926
1985,2,23.18881118881104
1985,3,21.85944055944044
1985,4,21.090209790209695
1985,5,20.670629370629296
1985,6,20.497902097902028
1985,7,20.35734265734259
1985,8,20.090209790209723
1985,9,19.58181818181812
1985,10,18.72797202797197
1985,11,17.772727272727213
1985,12,17.00419580419575
1986,1,16.307692307692257
1986,2,15.695104895104846
1986,3,15.213986013985965
1986,4,14.762937062937016
1986,5,14.4363636363636
1986,6,14.372727272727248
1986,7,14.489510489510474
1986,8,14.620279720279715
1986,9,14.832867132867136
1986,10,15.384615384615396
1986,11,16.46083916083918
1986,12,18.106293706293734
1987,1,20.0636363636364
1987,2,22.325174825174873
1987,3,24.77832167832173
1987,4,27.260839160839225
1987,5,30.160139860139928
1987,6,33.37972027972036
1987,7,36.77412587412597
1987,8,40.56993006993017
1987,9,44.92657342657354
1987,10,50.04055944055956
1987,11,55.85454545454559
1987,12,61.953146853147004
1988,1,68.46013986014003
1988,2,75.85244755244776
1988,3,84.45314685314706
1988,4,94.44545454545475
1988,5,105.23566433566454
1988,6,115.84615384615402
1988,7,126.5370629370631
1988,8,137.52867132867146
1988,9,148.2041958041959
1988,10,158.39930069930077
1988,11,167.73006993006993
1988,12,176.1104895104895
1989,1,183.9552447552447
1989,2,191.34125874125863
1989,3,198.03076923076907
1989,4,203.53216783216763
1989,5,207.48041958041932
1989,6,210.41958041958014
1989,7,212.47902097902062
1989,8,212.93636363636324
1989,9,212.18321678321638
1989,10,210.81188811188767
1989,11,208.9937062937058
1989,12,207.09580419580374
1990,1,204.98671328671279
1990,2,202.32307692307648
1990,3,199.2678321678317
1990,4,196.4776223776219
1990,5,194.6321678321674
1990,6,193.6426573426569
1990,7,192.70139860139815
1990,8,192.2174825174821
1990,9,193.03916083916047
1990,10,194.7251748251745
1990,11,196.9328671328668
1990,12,199.16363636363602
1991,1,200.94965034964997
1991,2,202.18251748251714
1991,3,203.22657342657303
1991,4,204.26013986013945
1991,5,204.82657342657305
1991,6,204.68181818181773
1991,7,203.84615384615336
1991,8,202.4335664335659
1991,9,199.69650349650294
1991,10,195.04895104895047
1991,11,188.64895104895044
1991,12,180.94615384615327
1992,1,172.73566433566373
1992,2,164.4461538461532
1992,3,156.10839160839097
1992,4,147.84825174825116
1992,5,139.9671328671323
1992,6,132.84825174825122
1992,7,126.61958041957993
1992,8,121.0566433566429
1992,9,115.9258741258737
1992,10,111.2153846153842
1992,11,107.11748251748213
1992,12,103.7118881118877
1993,1,100.5692307692304
1993,2,97.34895104895071
1993,3,93.85734265734231
1993,4,89.96083916083882
1993,5,85.68251748251716
1993,6,81.0328671328668
1993,7,76.27202797202766
1993,8,71.59300699300668
1993,9,67.14125874125844
1993,10,63.010489510489236
1993,11,59.37132867132843
1993,12,56.2230769230767
1994,1,53.5146853146851
1994,2,51.4055944055942
1994,3,49.67412587412569
1994,4,48.08391608391591
1994,5,46.594405594405444
1994,6,45.10209790209775
1994,7,43.68251748251734
1994,8,42.25314685314671
1994,9,40.679720279720144
1994,10,39.18181818181804
1994,11,37.859440559440415
1994,12,36.61328671328658
1995,1,35.325874125873995
1995,2,33.79370629370616
1995,3,31.982517482517345
1995,4,29.970629370629233
1995,5,27.80489510489497
1995,6,25.596503496503363
1995,7,23.456643356643234
1995,8,21.379720279720168
1995,9,19.488111888111785
1995,10,17.969230769230677
1995,11,16.573426573426485
1995,12,15.237762237762157
1996,1,14.198601398601326
1996,2,13.473426573426512
1996,3,12.934965034964984
1996,4,12.376923076923033
1996,5,11.802097902097868
1996,6,11.395804195804168
1996,7,11.266433566433545
1996,8,11.362937062937046
1996,9,11.550349650349643
1996,10,11.946153846153853
1996,11,12.623776223776243
1996,12,13.593706293706319
1997,1,14.984615384615422
1997,2,16.743356643356687
1997,3,18.747552447552504
1997,4,21.0391608391609
1997,5,23.797902097902167
1997,6,27.00839160839169
1997,7,30.50419580419589
1997,8,34.16853146853157
1997,9,38.058741258741364
1997,10,42.57762237762248
1997,11,47.810489510489624
1997,12,53.35384615384625
1998,1,59.073426573426666
1998,2,64.86923076923085
1998,3,70.54755244755252
1998,4,76.10419580419584
1998,5,81.15524475524478
1998,6,85.23216783216786
1998,7,88.70839160839162
1998,8,92.37972027972029
1998,9,96.73566433566432
1998,10,101.30839160839159
1998,11,105.53986013986011
1998,12,109.91958041958037
1999,1,114.62587412587406
1999,2,119.23916083916077
1999,3,123.52027972027966
1999,4,127.47272727272721
1999,5,131.40349650349646
1999,6,135.7538461538461
1999,7,140.52657342657335
1999,8,145.66853146853134
1999,9,150.99300699300687
1999,10,155.97832167832155
1999,11,160.68111888111872
1999,12,165.12867132867112
2000,1,168.64755244755221
2000,2,171.08461538461512
2000,3,172.6944055944053
2000,4,173.6188811188808
2000,5,174.12517482517447
2000,6,173.9503496503493
2000,7,172.99930069930033
2000,8,171.41958041958003
2000,9,168.82167832167792
2000,10,165.7027972027968
2000,11,162.82867132867096
2000,12,160.1237762237759
2001,1,158.0755244755241
2001,2,157.44055944055913
2001,3,158.38391608391578
2001,4,160.48461538461507
2001,5,163.14685314685283
2001,6,166.65664335664312
2001,7,170.80629370629347
2001,8,174.2664335664333
2001,9,176.5706293706291
2001,10,178.28251748251716
2001,11,179.47272727272696
2001,12,179.88391608391572
2002,1,179.53846153846115
2002,2,178.56923076923036
2002,3,176.92237762237716
2002,4,174.33216783216736
2002,5,170.8643356643352
2002,6,166.61258741258692
2002,7,161.19510489510438
2002,8,155.14265734265683
2002,9,149.53286713286664
2002,10,144.15384615384568
2002,11,138.64615384615337
2002,12,133.30979020978972
2003,1,128.16713286713238
2003,2,122.92377622377577
2003,3,117.49510489510448
2003,4,112.27272727272687
2003,5,107.33146853146813
2003,6,102.41958041958004
2003,7,97.93636363636328
2003,8,94.26433566433532
2003,9,91.25664335664302
2003,10,88.40489510489478
2003,11,85.51958041958012
2003,12,82.82727272727244
2004,1,80.14755244755219
2004,2,77.19999999999973
2004,3,74.27762237762212
2004,4,71.59860139860116
2004,5,68.98251748251725
2004,6,66.57342657342635
2004,7,64.44825174825154
2004,8,62.46363636363616
2004,9,60.53356643356624
2004,10,58.82237762237743
2004,11,57.36853146853128
2004,12,55.769930069929885
2005,1,53.99720279720261
2005,2,52.38811188811171
2005,3,50.87692307692291
2005,4,49.08111888111872
2005,5,47.08251748251732
2005,6,45.21328671328655
2005,7,43.538461538461384
2005,8,41.993706293706126
2005,9,40.42307692307676
2005,10,38.78111888111872
2005,11,36.88951048951034
2005,12,34.72307692307679
2006,1,32.68251748251735
2006,2,30.8251748251747
2006,3,29.095104895104786
2006,4,27.69650349650339
2006,5,26.77132867132857
2006,6,26.155944055943955
2006,7,25.620279720279626
2006,8,25.06643356643348
2006,9,24.332867132867047
2006,10,23.337062937062854
2006,11,22.278321678321586
2006,12,21.21818181818173
2007,1,19.952447552447463
2007,2,18.505594405594316
2007,3,17.06993006992998
2007,4,15.747552447552367
2007,5,14.474125874125804
2007,6,13.175524475524405
2007,7,11.967132867132797
2007,8,10.899999999999933
2007,9,9.939860139860077
2007,10,9.040559440559385
2007,11,8.237062937062888
2007,12,7.544055944055901
2008,1,6.941958041958003
2008,2,6.356643356643321
2008,3,5.716783216783182
2008,4,5.157342657342622
2008,5,4.725874125874094
2008,6,4.379020979020951
2008,7,4.010489510489488
2008,8,3.612587412587394
2008,9,3.190209790209774
2008,10,2.776923076923064
2008,11,2.488111888111877
2008,12,2.3839160839160765
2009,1,2.351748251748251
2009,2,2.3825174825174886
2009,3,2.613986013986029
2009,4,3.1258741258741476
2009,5,3.8958041958042218
2009,6,4.8958041958042235
2009,7,6.0391608391608695
2009,8,7.2755244755245085
2009,9,8.59300699300703
2009,10,10.014685314685355
2009,11,11.551048951048994
2009,12,13.198601398601442
2010,1,14.953146853146894
2010,2,16.71678321678325
2010,3,18.371328671328705
2010,4,19.949650349650387
2010,5,21.660839160839206
2010,6,23.6475524475525
2010,7,25.909790209790266
2010,8,28.425874125874184
2010,9,31.097202797202858
2010,10,33.91538461538468
2010,11,37.08041958041966
2010,12,40.89160839160849
2011,1,45.50069930069941
2011,2,50.93426573426585
2011,3,56.92307692307702
2011,4,63.04195804195811
2011,5,69.06223776223781
2011,6,74.70069930069933
2011,7,79.71678321678323
2011,8,83.94825174825176
2011,9,87.35734265734263
2011,10,90.13216783216777
2011,11,92.32167832167822
2011,12,93.9496503496502
2012,1,94.90909090909072
2012,2,95.16573426573407
2012,3,94.74475524475504
2012,4,93.49790209790189
2012,5,91.48531468531448
2012,6,89.26503496503476
2012,7,87.38881118881098
2012,8,86.03706293706273
2012,9,85.56013986013964
2012,10,85.7055944055942
2012,11,85.89230769230751
2012,12,85.92797202797186
2013,1,85.78391608391594
2013,2,85.6090909090908
2013,3,85.77062937062927
2013,4,86.73846153846144
2013,5,88.68811188811178
2013,6,91.53426573426563
2013,7,94.90629370629361
2013,8,98.45174825174814
2013,9,101.73076923076913
2013,10,104.59370629370619
2013,11,107.16713286713275
2013,12,109.3167832167831
2014,1,111.07482517482501
2014,2,112.53776223776204
2014,3,113.73846153846132
2014,4,114.51748251748225
2014,5,114.3769230769228
2014,6,113.04335664335636
2014,7,110.65104895104865
2014,8,107.44685314685283
2014,9,103.59650349650317
2014,10,99.61748251748219
2014,11,95.74335664335632
2014,12,91.97902097902065
2015,1,88.50209790209757
2015,2,85.27902097902069
2015,3,82.06923076923047
2015,4,78.76153846153818
2015,5,75.5720279720277
2015,6,72.6643356643354
2015,7,70.02587412587388
2015,8,67.46643356643332
2015,9,65.02937062937039
2015,10,62.6363636363634
2015,11,60.33216783216761
2015,12,58.120279720279505
2016,1,55.70559440559419
2016,2,52.916783216782996
2016,3,49.97482517482495
2016,4,47.06713286713266
2016,5,44.28251748251729
2016,6,41.54405594405576
2016,7,38.795804195804024
2016,8,36.13076923076907
2016,9,33.72517482517466
2016,10,31.68251748251734
2016,11,30.05034965034952
2016,12,28.70069930069918
2017,1,27.534265734265624
2017,2,26.49440559440549
2017,3,25.521678321678227
2017,4,24.490909090908993
2017,5,23.3944055944055
2017,6,22.124475524475432
2017,7,20.795104895104803
2017,8,19.568531468531383
2017,9,18.432167832167742
2017,10,17.292307692307602
2017,11,15.980419580419492
2017,12,14.528671328671248
2018,1,13.05804195804188
2018,2,11.653846153846086
2018,3,10.338461538461475
2018,4,9.127972027971971
2018,5,8.072727272727224
2018,6,7.2545454545454096
2018,7,6.783216783216743
2018,8,6.596503496503463
2018,9,6.58741258741256
2018,10,6.4937062937062695
2018,11,6.229370629370605
2018,12,5.908391608391584
2019,1,5.538461538461515
2019,2,5.134965034965012
2019,3,4.719580419580398
2019,4,4.320279720279697
2019,5,4.019580419580397
2019,6,3.7594405594405376
2019,7,3.4342657342657152
2019,8,3.0790209790209637
2019,9,2.7713286713286593
2019,10,2.506993006992998
2019,11,2.2272727272727253
2019,12,2.0286713286713347
2020,1,2.153846153846167
2020,2,2.6566433566433743
2020,3,3.45874125874128
2020,4,4.478321678321704
2020,5,5.635664335664366
2020,6,6.869230769230803
2020,7,8.137062937062973
2020,8,9.50979020979025
2020,9,10.883216783216826
2020,10,12.218181818181861
2020,11,13.730769230769273
2020,12,15.42937062937067
2021,1,17.24825174825179
2021,2,19.196503496503546
2021,3,21.206293706293764
2021,4,23.39860139860146
2021,5,25.85454545454553
2021,6,28.755244755244835
2021,7,32.196503496503574
2021,8,36.10769230769239
2021,9,40.42167832167841
2021,10,45.10629370629378
2021,11,50.13986013986022
2021,12,55.169930069930146
2022,1,59.838461538461615
2022,2,64.30419580419586
2022,3,68.78041958041965
2022,4,73.38041958041963
2022,5,77.97902097902102
2022,6,82.31118881118881
2022,7,86.43566433566436
2022,8,90.6237762237762
2022,9,95.01888111888111
2022,10,99.56503496503494
2022,11,104.12027972027968
2022,12,108.50979020979015
2023,1,112.58461538461528
2023,2,116.29720279720269
2023,3,119.65384615384602
2023,4,122.30419580419563
2023,5,123.85104895104877
2023,6,124.4874125874124
2023,7,124.70139860139841
2023,8,124.68181818181799
2023,9,124.95664335664316
2023,10,125.92027972027955
2023,11,127.46013986013969
2023,12,129.78461538461522
2024,1,133.01468531468515
2024,2,136.75264735264733
2024,3,140.71983016983012
2024,4,144.74315684315678
2024,5,148.64955044955036
2024,6,152.26593406593398
2024,7,155.41923076923067
